Temp./Â°C,Time/min,dL/Lo,Certificate,Standard,Corrected,delT,EngAlpha,Fitted,Alpha,Poly5,SplFit,TightSpl
22.66800000000001,0.0,2.46e-05,7.97e-05,-0.000399329,0.000503593,0.0,inf,0.0004179112074499323,-9.36e-06,0.0004678812977879515,0.00034288960985518906,0.0005015561300569879
23.16800000000001,4.6254300000000015,4.4200000000000004e-05,8.25e-05,-0.00039159,0.000518274,0.5,0.001036548,0.00041327567461842384,-9.18e-06,0.00046032922271881566,0.0003411732053347604,0.0004910393006685649
23.66800000000001,4.97074,3.39e-05,8.53e-05,-0.000383847,0.000503057,1.0,0.000503057,0.00040873026748401557,-9e-06,0.0004529468670920561,0.0003394957137340446,0.00048080223465621016
24.16800000000001,5.22375,2.4299999999999998e-05,8.82e-05,-0.000376101,0.000488595,1.5,0.00032573,0.0004042744080534282,-8.82e-06,0.000445732409262124,0.0003378570238428894,0.000470841595267449
24.66800000000001,5.43234,1.55e-05,9.1e-05,-0.000368351,0.000474886,2.0,0.000237443,0.00039990752016032173,-8.65e-06,0.00043868404036233723,0.0003362570244511423,0.00046115404574980653
25.16800000000001,5.613119999999999,7.46e-06,9.379999999999999e-05,-0.000360598,0.00046187699999999997,2.5,0.00018475099999999998,0.0003956290294652961,-8.47e-06,0.0004317999642619334,0.0003346956043486509,0.00045173624935080834
25.66800000000001,5.7739400000000005,-3.3599999999999996e-08,9.67e-05,-0.000352841,0.000449461,3.0,0.00014982,0.00039143836345589117,-8.29e-06,0.00042507839752311974,0.0003331726523252629,0.00044258486931797957
26.16800000000001,5.92247,-6.5e-06,9.95e-05,-0.00034508,0.00043807199999999996,3.5,0.000125163,0.0003873349514465867,-8.12e-06,0.0004185175693581262,0.0003316880571708256,0.0004336965688988457
26.66800000000001,6.061,-1.21e-05,0.000102333,-0.000337315,0.00042750800000000016,4.0,0.00010687700000000001,0.00038331822457880196,-7.95e-06,0.0004121157215862543,0.0003302417076751868,0.0004250680113409319
27.16800000000001,6.192019999999999,-1.7800000000000002e-05,0.00010517700000000001,-0.00032954699999999997,0.00041687699999999996,4.5,9.259999999999999e-05,0.00037938761582089647,-7.78e-06,0.0004058711085909312,0.00032883349262819404,0.0004166958598917636
27.66800000000001,6.31714,-2.35e-05,0.000108024,-0.000321775,0.000406273,5.0,8.13e-05,0.0003755425599681696,-7.6e-06,0.00039978199727675845,0.00032746330081969484,0.00040857677779886607
28.16800000000001,6.43769,-2.8000000000000013e-05,0.000110875,-0.000314,0.00039689099999999996,5.5,7.219999999999999e-05,0.00037178249364286007,-7.44e-06,0.0003938466670265645,0.00032613102103953666,0.0004007074283097647
28.66800000000001,6.554010000000001,-3.24e-05,0.00011372799999999999,-0.00030622099999999997,0.000387535,6.0,6.459999999999997e-05,0.0003681068552941468,-7.27e-06,0.00038806340965845594,0.0003248365420775673,0.00039308447467198464
29.16800000000001,6.66725,-3.5799999999999996e-05,0.000116585,-0.000298439,0.000379179,6.5,5.8299999999999994e-05,0.0003645150851981484,-7.1e-06,0.0003824305293828684,0.00032357975272363424,0.00038570458013305147
29.66800000000001,6.7778800000000015,-3.98e-05,0.000119445,-0.000290652,0.00037033199999999996,7.0,5.290000000000001e-05,0.0003610066254579237,-6.93e-06,0.00037694634275961807,0.00032236054176758505,0.0003785644079404903
30.16800000000001,6.88622,-4.1899999999999995e-05,0.000122309,-0.000282862,0.00036325800000000004,7.5,4.84e-05,0.00035758092000347035,-6.77e-06,0.00037160917865495266,0.00032117879799926723,0.00037166062134182657
30.66800000000001,6.9926,-4.48e-05,0.000125175,-0.000275069,0.000355424,8.0,4.44e-05,0.00035423741459172735,-6.61e-06,0.00036641737819860325,0.0003200344102085285,0.0003649898835845855
31.16800000000001,7.0975699999999975,-4.68e-05,0.000128045,-0.000267272,0.000348528,8.5,4.1e-05,0.000350975556806572,-6.44e-06,0.0003613692947408349,0.0003189272671852163,0.0003585488579162924
31.66800000000001,7.20113,-4.91e-05,0.000130918,-0.000259472,0.00034124199999999996,9.0,3.79e-05,0.0003477947960588227,-6.28e-06,0.00035646329380949833,0.00031785725771917836,0.0003523342075844729
32.168,7.30358,-5.17e-05,0.000133794,-0.000251667,0.000333735,9.5,3.510000000000001e-05,0.0003446945835862366,-6.12e-06,0.0003516977530670811,0.0003168242706002621,0.00034634259583665196
32.668,7.40516,-5.24e-05,0.000136673,-0.00024386,0.000328091,10.0,3.28e-05,0.00034167437245351175,-5.96e-06,0.00034707106226775856,0.00031582819461831505,0.000340570685920355
33.168,7.506089999999999,-5.31e-05,0.000139555,-0.000236048,0.000322549,10.5,3.07e-05,0.00033873361755228494,-5.8e-06,0.00034258162321444544,0.00031486891856318515,0.0003350151410831074
33.668,7.606510000000001,-5.3400000000000004e-05,0.00014244,-0.000228234,0.00031722900000000004,11.0,2.8800000000000002e-05,0.00033587177560113373,-5.65e-06,0.00033822784971584746,0.0003139463312247196,0.00032967262457243444
34.168,7.706739999999999,-5.3700000000000004e-05,0.000145329,-0.000220415,0.00031204599999999996,11.5,2.71e-05,0.00033308830514557465,-5.49e-06,0.0003340081675435115,0.00031306032139276596,0.0003245397996358615
34.668,7.8067199999999985,-5.3799999999999986e-05,0.000148221,-0.000212593,0.000307048,12.0,2.56e-05,0.0003303826665580653,-5.33e-06,0.00032992101438887806,0.00031221077785717206,0.0003196133295209137
35.168,7.9067,-5.28e-05,0.000151116,-0.000204768,0.00030312,12.5,2.42e-05,0.0003277543220380015,-5.18e-06,0.00032596483982033153,0.00031139758940778526,0.00031488987747511676
35.668,8.00682,-5.2000000000000004e-05,0.000154014,-0.000196939,0.00029895700000000003,13.0,2.3e-05,0.0003252027356117203,-5.03e-06,0.00032213810524025284,0.00031062064483445315,0.0003103661067459957
36.168,8.10715,-5.14e-05,0.000156915,-0.00018910599999999997,0.000294586,13.5,2.18e-05,0.00032272737313249775,-4.87e-06,0.0003184392838420689,0.0003098798329270235,0.0003060386805810758
36.668,8.20722,-4.93e-05,0.000159819,-0.00018127,0.00029183299999999997,14.0,2.08e-05,0.00032032770228055036,-4.72e-06,0.00031486686056730504,0.0003091750424753437,0.00030190426222788256
37.168,8.30725,-4.72e-05,0.00016272700000000002,-0.000173431,0.000288928,14.5,1.99e-05,0.00031800319256303363,-4.57e-06,0.0003114193320626356,0.0003085061622692614,0.0002979595149339412
37.668,8.40727,-4.5799999999999995e-05,0.000165637,-0.000165588,0.000285418,15.0,1.9e-05,0.00031575331531404375,-4.43e-06,0.0003080952066369367,0.00030787308109862414,0.000294201101946777
38.168,8.50722,-4.34e-05,0.000168551,-0.000157741,0.00028285,15.5,1.82e-05,0.00031357754369461623,-4.28e-06,0.0003048930042183355,0.00030727568775327954,0.00029062568651391557
38.668,8.60715,-4.11e-05,0.000171468,-0.000149891,0.00028025099999999997,16.0,1.75e-05,0.00031147535269272655,-4.13e-06,0.0003018112563112627,0.00030671387102307513,0.00028722993188288185
39.168,8.70705,-3.8900000000000004e-05,0.00017438799999999998,-0.00014203799999999998,0.000277546,16.5,1.6800000000000002e-05,0.00030944621912329026,-3.99e-06,0.00029884850595350294,0.00030618751969785845,0.00028401050130120136
39.668,8.80685,-3.5700000000000014e-05,0.00017731099999999998,-0.000134181,0.000275815,17.0,1.62e-05,0.0003074896216281621,-3.84e-06,0.0002960033076732474,0.0003056965225674772,0.0002809640580163994
40.168,8.90673,-3.28e-05,0.000180237,-0.000126321,0.000273765,17.5,1.56e-05,0.0003056050406761374,-3.7000000000000006e-06,0.0002932742274461437,0.00030524076842177876,0.0002780872652760013
40.668,9.00657,-3.02e-05,0.000183167,-0.00011845700000000001,0.000271463,18.0,1.51e-05,0.0003037919585629509,-3.56e-06,0.0002906598426523475,0.00030482014605061087,0.0002753767863275324
41.168,9.10647,-2.64e-05,0.000186099,-0.000110589,0.00027032200000000003,18.5,1.4599999999999999e-05,0.00030204985941127726,-3.41e-06,0.00028815874203357505,0.00030443454424382104,0.0002728292844185179
41.668,9.20612,-2.26e-05,0.000189035,-0.00010271899999999999,0.000269152,19.0,1.42e-05,0.0003003782291707309,-3.27e-06,0.00028576952565015216,0.0003040838517912569,0.0002704414227964833
42.168,9.30592,-1.9e-05,0.00019197299999999999,-9.48e-05,0.000267849,19.5,1.3699999999999998e-05,0.0002987765556178661,-3.13e-06,0.00028349080483806735,0.0003037679574827659,0.0002682098647089538
42.668,9.40545,-1.53e-05,0.000194915,-8.7e-05,0.000266557,20.0,1.3300000000000001e-05,0.0002972443283561771,-3e-06,0.00028132120216602216,0.0003034867501081957,0.0002661312734034548
43.168,9.50479,-1.1599999999999999e-05,0.00019786,-7.91e-05,0.000265351,20.5,1.29e-05,0.00029578103881609797,-2.86e-06,0.00027925935139248273,0.000303240118457394,0.00026420231212751156
43.668,9.60399,-7.39e-06,0.000200808,-7.120000000000001e-05,0.00026462,21.0,1.26e-05,0.00029438618025500233,-2.72e-06,0.0002773038974227314,0.00030302795132020803,0.00026241964412864946
44.168,9.70337,-3.46e-06,0.00020375900000000005,-6.330000000000001e-05,0.000263609,21.5,1.23e-05,0.0002930592477572041,-2.59e-06,0.0002754534962659171,0.00030285013748648565,0.0002607799326543937
44.668,9.80245,8.3e-07,0.000206713,-5.5399999999999985e-05,0.000262966,22.0,1.2e-05,0.0002917997382339563,-2.45e-06,0.0002737068149921075,0.00030270656574607436,0.0002592798409522697
45.168,9.90161,4.94e-06,0.00020967,-4.7499999999999996e-05,0.000262134,22.5,1.17e-05,0.0002906071504234528,-2.32e-06,0.00027206253168933936,0.00030259712488882177,0.00025791603226980284
45.668,10.00029,9.08e-06,0.000212631,-3.96e-05,0.000261343,23.0,1.1400000000000001e-05,0.0002894809848908262,-2.19e-06,0.00027051933542067094,0.00030252170370457534,0.00025668516985451835
46.168,10.098930000000001,1.34e-05,0.00021559400000000002,-3.17e-05,0.00026075,23.5,1.11e-05,0.0002884207440281499,-2.05e-06,0.0002690759261812322,0.0003024801909831828,0.0002555839169539416
46.668,10.19726,1.8e-05,0.00021856099999999998,-2.380000000000001e-05,0.000260393,24.0,1.0800000000000003e-05,0.00028742593205443657,-1.92e-06,0.00026773101485527695,0.00030247247551449163,0.00025460893681559783
47.168,10.2951,2.27e-05,0.00022153,-1.59e-05,0.00026013,24.5,1.06e-05,0.000286496055015639,-1.8e-06,0.00026648332317323305,0.0003024984460883494,0.0002537568926870124
47.668,10.392489999999999,2.71e-05,0.000224503,-8e-06,0.00025962099999999997,25.0,1.04e-05,0.0002856306207846493,-1.67e-06,0.00026533158366875487,0.00030255799149460366,0.0002530244478157107
48.168,10.48953,3.14e-05,0.00022747799999999998,-8.779999999999999e-08,0.00025896599999999996,25.5,1.0199999999999999e-05,0.00028482913906130024,-1.54e-06,0.00026427453963577356,0.00030265100052310215,0.000252408265449218
48.668,10.58634,3.64e-05,0.00023045700000000002,7.83e-06,0.00025900900000000004,26.0,9.96e-06,0.00028409112137236354,-1.41e-06,0.000263310945085549,0.00030277736196369215,0.00025190500883505966
49.168,10.6829,4.13e-05,0.00023343900000000005,1.58e-05,0.000258969,26.5,9.77e-06,0.00028341608107155137,-1.29e-06,0.0002624395647037207,0.0003029369646062215,0.0002515113412207609
49.668,10.779119999999999,4.6399999999999996e-05,0.00023642400000000005,2.37e-05,0.000259165,27.0,9.6e-06,0.00028280353333951555,-1.16e-06,0.00026165917380735894,0.00030312969724053773,0.0002512239258538472
50.168,10.87519,5.13e-05,0.00023941200000000002,3.16e-05,0.000259089,27.5,9.42e-06,0.00028225299518384774,-1.04e-06,0.0002609685583020166,0.00030335544865648826,0.00025103942598184376
50.668,10.971169999999999,5.6299999999999986e-05,0.000242403,3.950000000000001e-05,0.00025919,28.0,9.26e-06,0.00028176398543907917,-9.170000000000001e-07,0.0002603665146387799,0.00030361410764392075,0.00025095450485227593
51.168,11.0671,6.1e-05,0.000245397,4.7499999999999996e-05,0.00025894599999999997,28.5,9.09e-06,0.0002813360247666815,-7.95e-07,0.0002598518497713199,0.00030390556299268284,0.00025096582571266905
51.668,11.16257,6.620000000000001e-05,0.00024839400000000003,5.5399999999999985e-05,0.000259196,29.0,8.94e-06,0.00028096863565506573,-6.75e-07,0.00025942338111294345,0.000304229703492622,0.0002510700518105484
52.168,11.2578,7.08e-05,0.000251394,6.34e-05,0.000258847,29.5,8.77e-06,0.0002806613424195829,-5.55e-07,0.00025907993649364484,0.0003045864179335859,0.00025126384639343944
52.668,11.35266,7.6e-05,0.000254397,7.13e-05,0.00025906,30.0,8.64e-06,0.00028041367120252355,-4.3600000000000004e-07,0.00025882035411715714,0.00030497559510542205,0.00025154387270886726
53.168,11.44721,8.14e-05,0.000257403,7.92e-05,0.00025958700000000003,30.5,8.51e-06,0.0002802251499731185,-3.18e-07,0.0002586434825180029,0.000305397123797978,0.0002519067940043574
53.668,11.54129,8.65e-05,0.000260412,8.72e-05,0.000259747,31.0,8.38e-06,0.0002800953085275383,-2.01e-07,0.0002585481805185459,0.0003058508928011015,0.00025234927352743504
54.168,11.63539,9.18e-05,0.000263424,9.520000000000001e-05,0.00026009,31.5,8.26e-06,0.00028002367848889323,-8.54e-08,0.00025853331718604243,0.00030633679090463984,0.00025286797452562555
54.668,11.72922,9.719999999999999e-05,0.00026644,0.00010311,0.000260541,32.0,8.14e-06,0.0002800097933072333,2.97e-08,0.0002585977717896919,0.0003068547068984409,0.0002534595602464543
55.168,11.82283,0.00010286,0.000269458,0.00011107200000000001,0.00026124599999999997,32.5,8.04e-06,0.0002800531882595485,1.44e-07,0.0002587404337576892,0.00030740452957235195,0.00025412069393744655
55.668,11.916210000000001,0.00010771,0.000272479,0.000119036,0.00026115299999999997,33.0,7.91e-06,0.0002801534004497687,2.57e-07,0.00025896020263427484,0.00030798614771622077,0.00025484845534199746
56.168,12.00951,0.00011351,0.00027550299999999997,0.000127004,0.000262009,33.5,7.82e-06,0.00028030996880876353,3.69e-07,0.00025925598803678705,0.00030859945011989487,0.00025564159018698216
56.668,12.10268,0.00011892,0.000278531,0.000134975,0.000262475,34.0,7.72e-06,0.00028052243409434224,4.81e-07,0.00025962670961271255,0.0003092443255732218,0.00025649926069514504
57.168,12.19577,0.00012421,0.000281561,0.00014295,0.000262821,34.5,7.62e-06,0.0002807903388912544,5.91e-07,0.00026007129699673814,0.00030992066286604926,0.00025742062908923113
57.668,12.28862,0.0001299,0.000284594,0.000150927,0.00026356700000000003,35.0,7.53e-06,0.00028111322761118906,7e-07,0.00026058868976780165,0.00031062835078822466,0.00025840485759198517
58.168,12.38129,0.00013591,0.000287631,0.000158908,0.000264632,35.5,7.45e-06,0.00028149064649277524,8.09e-07,0.0002611778374061435,0.0003113672781295956,0.00025945110842615164
58.668,12.47375,0.00014189,0.00029067,0.000166892,0.000265668,36.0,7.38e-06,0.00028192214360158157,9.170000000000001e-07,0.0002618376992503575,0.0003121373336800098,0.0002605585438144756
59.168,12.56622,0.00014794,0.000293712,0.00017488,0.000266773,36.5,7.31e-06,0.00028240726883011673,1.02e-06,0.0002625672444544429,0.00031293840622931464,0.0002617263259797017
59.668,12.65869,0.00015299,0.000296758,0.00018287,0.000266877,37.0,7.21e-06,0.0002829455738978295,1.13e-06,0.0002633654519448548,0.00031377038456735783,0.00026295361714457466
60.168,12.75108,0.00015879,0.000299806,0.000190864,0.000267732,37.5,7.14e-06,0.00028353661235110757,1.23e-06,0.0002642313103775561,0.00031463315748398693,0.00026423957953183934
60.668,12.8433,0.00016494,0.000302857,0.000198861,0.000268936,38.0,7.08e-06,0.00028417993956327946,1.34e-06,0.00026516381809506804,0.0003155266137690494,0.0002655833753642404
61.168,12.93554,0.00017080000000000006,0.00030591099999999997,0.000206861,0.00026985,38.5,7.01e-06,0.00028487511273461307,1.44e-06,0.00026616198308352247,0.00031645064221239293,0.00026698416686452264
61.668,13.0278,0.00017659,0.00030896900000000003,0.000214865,0.00027069400000000003,39.0,6.94e-06,0.00028562169089231624,1.54e-06,0.00026722482292971194,0.0003174051316038651,0.0002684411162554307
62.168,13.12014,0.00018313,0.000312029,0.00022287099999999997,0.000272288,39.5,6.89e-06,0.0002864192348905365,1.65e-06,0.00026835136477814184,0.0003183899707333134,0.00026995338575970957
62.668,13.21234,0.00018952,0.000315092,0.00023088099999999997,0.000273731,40.0,6.84e-06,0.0002872673074103613,1.75e-06,0.0002695406452880815,0.0003194050483905854,0.00027152013760010387
63.168,13.304379999999998,0.00019583,0.00031815799999999997,0.00023889400000000002,0.000275095,40.5,6.79e-06,0.00028816547295981796,1.85e-06,0.00027079171059061515,0.0003204502533655288,0.0002731405339993582
63.668,13.39645,0.00020226,0.000321227,0.00024691,0.000276578,41.0,6.75e-06,0.0002891132978738736,1.95e-06,0.00027210361624569314,0.0003215254744479911,0.0002748137371802176
64.168,13.48851,0.00020865,0.0003243,0.00025492900000000004,0.000278021,41.5,6.7e-06,0.0002901103503144351,2.04e-06,0.0002734754271991838,0.0003226306004278199,0.00027653890936542677
64.668,13.5805,0.00021506,0.000327375,0.000262951,0.00027948299999999997,42.0,6.65e-06,0.00029115620027034945,2.14e-06,0.0002749062177399242,0.00032376552009486274,0.0002783152127777304
65.168,13.67266,0.00022166,0.00033045300000000003,0.000270977,0.00028113599999999997,42.5,6.61e-06,0.000292250419557403,2.24e-06,0.0002763950714567714,0.00032493012223896707,0.00028014180963987313
65.668,13.76481,0.00022831,0.000333534,0.000279005,0.000282838,43.0,6.58e-06,0.00029339258181832254,2.33e-06,0.000277941081195654,0.00032612429564998064,0.0002820178621745999
66.168,13.857029999999998,0.00023496,0.000336618,0.000287037,0.00028454099999999997,43.5,6.54e-06,0.00029458226252277397,2.43e-06,0.00027954334901662326,0.0003273479291177511,0.00028394253260465534
66.668,13.94958,0.00024234,0.000339705,0.000295072,0.000286973,44.0,6.52e-06,0.00029581903896736363,2.52e-06,0.0002812009861509043,0.0003286009114321257,0.0002859149831527843
67.168,14.04224,0.00024913,0.000342794,0.00030311,0.00028881400000000003,44.5,6.49e-06,0.0002971024902756374,2.61e-06,0.00028291311295794723,0.00032988313138295237,0.00028793437604173155
67.668,14.134870000000001,0.00025543,0.00034588699999999996,0.00031115099999999996,0.00029016599999999996,45.0,6.45e-06,0.0002984321973980811,2.71e-06,0.00028467885888247893,0.00033119447776007834,0.0002899998734942418
68.168,14.227820000000001,0.00026237,0.00034898300000000003,0.000319195,0.00029215700000000003,45.5,6.42e-06,0.0002998077431121205,2.8e-06,0.0002864973624115538,0.0003325348393533516,0.00029211063773305977
68.668,14.3211,0.00026909,0.000352082,0.000327243,0.000293929,46.0,6.39e-06,0.0003012287120221207,2.89e-06,0.0002883677710316052,0.0003339041049526193,0.0002942658309809302
69.168,14.41451,0.00027641,0.000355183,0.000335293,0.0002963,46.5,6.37e-06,0.0003026946905593872,2.98e-06,0.0002902892411854967,0.0003353021633477293,0.000296464615460598
69.668,14.50806,0.00028339999999999995,0.000358288,0.000343347,0.000298341,47.0,6.35e-06,0.0003042052669821651,3.07e-06,0.0002922609382295734,0.00033672890332852906,0.0002987061533948078
70.168,14.601629999999998,0.00029049999999999996,0.000361395,0.000351403,0.000300492,47.5,6.33e-06,0.00030576003137563926,3.15e-06,0.00029428203639071324,0.00033818421368486624,0.00030098960700630437
70.668,14.6951,0.00029761,0.000364506,0.000359463,0.000302653,48.0,6.31e-06,0.0003073585756519345,3.24e-06,0.00029635171872337805,0.00033966798320658823,0.00030331413851783246
71.168,14.78868,0.00030471,0.000367619,0.00036752599999999996,0.000304803,48.5,6.28e-06,0.0003090004935501154,3.33e-06,0.0002984691770666648,0.00034118010068354284,0.00030567891015213685
71.668,14.8822,0.00031223,0.000370735,0.00037559199999999995,0.000307374,49.0,6.27e-06,0.0003106853806361865,3.41e-06,0.0003006336120013575,0.0003427204549055775,0.00030808308413196237
72.168,14.97565,0.00031911,0.000373854,0.00038366,0.000309304,49.5,6.25e-06,0.0003124128343030921,3.500000000000001e-06,0.0003028442328069774,0.0003442889346625398,0.00031052582268005356
72.668,15.06903,0.00032637,0.000376976,0.000391732,0.000311614,50.0,6.23e-06,0.0003141824537707161,3.58e-06,0.00030510025741883515,0.0003458854287442773,0.0003130062880191554
73.168,15.162479999999999,0.00033429,0.000380101,0.00039980699999999996,0.000314584,50.5,6.23e-06,0.00031599384008588257,3.66e-06,0.00030740091238508143,0.0003475098259406377,0.0003155236423720126
73.668,15.25605,0.00034134,0.000383229,0.000407885,0.000316684,51.0,6.21e-06,0.00031784659612235536,3.75e-06,0.00030974543282375887,0.00034916201504146837,0.00031807704796136974
74.168,15.34981,0.00034845,0.00038636,0.000415966,0.00031884400000000004,51.5,6.19e-06,0.0003197403265808379,3.83e-06,0.00031213306237985283,0.0003508418848366169,0.0003206656670099719
74.668,15.44379,0.00035617,0.000389494,0.00042405,0.000321613,52.0,6.18e-06,0.0003216746379889738,3.91e-06,0.00031456305318234266,0.0003525493241159311,0.0003232886617405636
75.168,15.537920000000002,0.00036371,0.00039263,0.00043213800000000004,0.000324203,52.5,6.18e-06,0.00032364913870134616,3.99e-06,0.000317034665801253,0.0003542842216692583,0.00032594519437588964
75.668,15.632279999999998,0.00037145,0.00039577,0.00044022800000000003,0.000326992,53.0,6.17e-06,0.0003256634388994782,4.07e-06,0.0003195471692047056,0.0003560464662864463,0.0003286344271386947
76.168,15.72686,0.00037944,0.00039891199999999996,0.000448321,0.000330031,53.5,6.17e-06,0.0003277171505918329,4.15e-06,0.00032209984071596967,0.00035783594675734237,0.0003313555222517237
76.668,15.82138,0.0003868,0.000402057,0.000456417,0.00033244,54.0,6.16e-06,0.000329809887613813,4.22e-06,0.00032469196597051365,0.0003596525518717944,0.00033410764193772134
77.168,15.91588,0.00039476,0.000405205,0.000464516,0.00033544900000000003,54.5,6.16e-06,0.0003319412656277609,4.3e-06,0.00032732283887305664,0.0003614961704196498,0.00033688994841943234
77.668,16.01043,0.00040256,0.00040835599999999996,0.000472618,0.000338298,55.0,6.15e-06,0.0003341109021229591,4.38e-06,0.00032999176155461924,0.0003633666911907561,0.00033970160391960137
78.168,16.10494,0.00041,0.00041151,0.000480723,0.00034078699999999995,55.5,6.14e-06,0.0003363184164156302,4.45e-06,0.00033269804432957493,0.0003652640029749609,0.0003425417706609734
78.668,16.19969,0.00041835,0.00041466699999999997,0.000488831,0.00034418599999999996,56.0,6.15e-06,0.00033856342964893585,4.53e-06,0.0003354410056527015,0.00036718799456211197,0.00034540961086629307
79.168,16.29445,0.00042571,0.00041782699999999996,0.000496942,0.000346595,56.5,6.13e-06,0.00034084556479297833,4.6e-06,0.0003382199720762324,0.0003691385547420567,0.0003483042867583051
79.668,16.38919,0.00043356,0.00042098900000000003,0.000505056,0.00034949300000000004,57.0,6.13e-06,0.00034316444664479913,4.67e-06,0.00034103427820690764,0.0003711155723046426,0.00035122496055975427
80.168,16.48392,0.00044083,0.000424155,0.000513173,0.000351811,57.5,6.12e-06,0.0003455197018283802,4.75e-06,0.0003438832666630252,0.00037311893603971734,0.00035417079449338537
80.668,16.5788,0.00044868,0.000427323,0.000521293,0.00035471,58.0,6.12e-06,0.0003479109587946425,4.82e-06,0.0003467662880314923,0.0003751485347371285,0.00035714095078194323
81.168,16.67397,0.0004566,0.000430494,0.000529416,0.00035767800000000005,58.5,6.11e-06,0.00035033784782144764,4.89e-06,0.0003496827008248769,0.0003772042571867236,0.0003601345916481724
81.668,16.76926,0.00046491,0.000433668,0.000537542,0.00036103599999999996,59.0,6.12e-06,0.00035280000101359655,4.96e-06,0.00035263187143845856,0.0003792859921783503,0.0003631508793148178
82.16799999999998,16.86482,0.00047193,0.000436845,0.00054567,0.000363104,59.5,6.1e-06,0.0003552970523028302,5.03e-06,0.0003556131741072799,0.0003813936285018561,0.000366188976004624
82.66799999999998,16.96029,0.00048029,0.000440024,0.0005538019999999999,0.000366512,60.0,6.11e-06,0.00035782863744782947,5.1e-06,0.0003586259908631979,0.00038352705494708853,0.0003692480439403361
83.16799999999998,17.055889999999998,0.0004881000000000001,0.000443207,0.000561937,0.00036937,60.5,6.11e-06,0.00036039439403421475,5.17e-06,0.00036166971149193526,0.0003856861603038954,0.0003723272453446986
83.66799999999998,17.15175,0.00049578,0.000446392,0.0005700740000000001,0.000372098,61.0,6.1e-06,0.0003629939614745465,5.23e-06,0.00036474373349013153,0.00038787083336212406,0.0003754257424404562
84.16799999999998,17.2479,0.00050405,0.000449581,0.000578215,0.000375416,61.5,6.1e-06,0.0003656269810083252,5.3e-06,0.000367847462022394,0.00039008096291162213,0.0003785426974503539
84.66799999999998,17.344070000000002,0.00051183,0.000452772,0.000586358,0.000378244,62.0,6.1e-06,0.0003682930957019907,5.37e-06,0.0003709803098783497,0.00039231643774223724,0.00038167727259713635
85.16799999999998,17.44019,0.00051959,0.000455965,0.000594504,0.000381051,62.5,6.1e-06,0.0003709919504489231,5.43e-06,0.00037414169742969595,0.00039457714664381684,0.00038482863010354826
85.66799999999998,17.536360000000002,0.00052776,0.000459162,0.000602653,0.000384269,63.0,6.1e-06,0.00037372319196944193,5.49e-06,0.0003773310525872523,0.0003968629784062087,0.0003879959321923344
86.16799999999998,17.632579999999994,0.00053587,0.00046236199999999996,0.000610805,0.000387427,63.5,6.1e-06,0.0003764864688108069,5.56e-06,0.0003805478107580116,0.0003991738218192603,0.00039117834108623955
86.66799999999998,17.72907,0.00054407,0.000465564,0.00061896,0.00039067400000000003,64.0,6.1e-06,0.00037928143134721747,5.62e-06,0.0003837914148021904,0.00040150956567281906,0.00039437501900800836
87.16799999999998,17.825670000000006,0.00055211,0.000468769,0.0006271180000000001,0.000393762,64.5,6.1e-06,0.00038210773177981287,5.68e-06,0.00038706131499028165,0.0004038700987567328,0.00039758512818038573
87.66799999999998,17.92233,0.00055978,0.000471977,0.0006352780000000001,0.00039647900000000004,65.0,6.1e-06,0.0003849650241366722,5.75e-06,0.0003903569689601049,0.0004062553098608489,0.00040080796103446554
88.16799999999998,18.01906,0.00056784,0.00047518800000000003,0.0006434419999999999,0.000399586,65.5,6.1e-06,0.0003878529642728143,5.81e-06,0.00039367784167385804,0.000408665087775015,0.0004040433308347382
88.66799999999998,18.11576,0.00057583,0.00047840199999999995,0.000651608,0.000402624,66.0,6.1e-06,0.000390771209870198,5.87e-06,0.00039702340537516826,0.00041109932128907884,0.0004072911810540431
89.16799999999998,18.2126,0.00058409,0.000481618,0.000659777,0.000405931,66.5,6.1e-06,0.0003937194204377217,5.93e-06,0.0004003931395461437,0.0004135578991928878,0.0004105514551652202
89.66799999999998,18.30973,0.00059221,0.000484838,0.0006679489999999999,0.00040909800000000015,67.0,6.11e-06,0.0003966972573112241,5.99e-06,0.0004037865308644243,0.0004160407102762894,0.0004138240966411087
90.16799999999999,18.406879999999997,0.00060041,0.00048806,0.000676124,0.000412346,67.5,6.11e-06,0.0003997043836534834,6.04e-06,0.0004072030731602336,0.00041854764332913136,0.0004171090489545484
90.66799999999999,18.50415,0.00060876,0.000491285,0.000684302,0.00041574300000000016,68.0,6.11e-06,0.00040274046445421745,6.1e-06,0.0004106422673734291,0.00042107858714126125,0.00042040625557837873
91.16799999999999,18.60162,0.00061684,0.000494512,0.000692482,0.00041887,68.5,6.11e-06,0.0004058051665300843,6.16e-06,0.00041410362151055453,0.0004236334305025265,0.0004237156599854394
91.66799999999999,18.69925,0.00062465,0.000497743,0.0007006660000000001,0.000421727,69.0,6.11e-06,0.00040889815852468176,6.21e-06,0.0004175866506018905,0.00042621206220277486,0.0004270372056485698
92.16799999999999,18.79713,0.00063318,0.000500976,0.0007088519999999999,0.000425304,69.5,6.12e-06,0.0004120191109085474,6.27e-06,0.00042109087665850625,0.00042881437103185375,0.00043037083604060964
92.66799999999999,18.89511,0.0006415,0.000504212,0.0007170410000000001,0.00042867199999999995,70.0,6.12e-06,0.00041516769597915845,6.32e-06,0.0004246158286293098,0.00043144024577961097,0.00043371649463439855
93.16799999999999,18.993129999999997,0.00064979,0.000507451,0.000725232,0.000432009,70.5,6.13e-06,0.0004183435878609324,6.38e-06,0.00042816104235810084,0.00043408957523589383,0.00043707412490277586
93.66799999999999,19.091279999999998,0.00065835,0.000510693,0.0007334269999999999,0.000435616,71.0,6.14e-06,0.00042154646250522614,6.43e-06,0.0004317260605406208,0.00043676224819055,0.0004404436703185814
94.16799999999999,19.189629999999998,0.00066684,0.000513937,0.000741624,0.000439153,71.5,6.14e-06,0.00042477599769033666,6.49e-06,0.0004353104326816044,0.00043945815343342714,0.0004438250743546546
94.66799999999999,19.288,0.00067465,0.0005171840000000001,0.000749824,0.00044201,72.0,6.14e-06,0.00042803187302150074,6.54e-06,0.00043891371505183115,0.00044217717975437277,0.00044721828048383504
95.16799999999999,19.386470000000006,0.0006835,0.0005204340000000001,0.000758027,0.00044590699999999994,72.5,6.15e-06,0.00043131376993089493,6.59e-06,0.00044253547064517635,0.0004449192159432345,0.00045062323217896224
95.66799999999999,19.484939999999998,0.00069151,0.000523687,0.0007662330000000001,0.000448964,73.0,6.15e-06,0.0004346213716776355,6.64e-06,0.0004461752691356626,0.0004476841507898596,0.0004540398729128761
96.16799999999999,19.58375,0.00069996,0.000526943,0.0007744410000000001,0.000452461,73.5,6.16e-06,0.0004379543633477789,6.69e-06,0.0004498326868345107,0.0004504718730840961,0.00045746814615841577
96.66799999999999,19.68285,0.00070839,0.000530201,0.000782653,0.000455938,74.0,6.16e-06,0.00044131243185432104,6.74e-06,0.0004535073066471911,0.00045328227161579144,0.000460907995388421
97.16799999999999,19.7822,0.00071768,0.000533462,0.000790867,0.000460275,74.5,6.18e-06,0.00044469526593719793,6.79e-06,0.0004571987180304755,0.000456115235174793,0.0004643593640757312
97.66799999999999,19.881520000000002,0.00072577,0.000536726,0.000799083,0.00046341300000000003,75.0,6.18e-06,0.0004481025561632853,6.84e-06,0.00046090651694948736,0.00045897065255094845,0.00046782219569318627
98.16799999999999,19.98088,0.00073366,0.000539993,0.000807303,0.00046635,75.5,6.18e-06,0.00045153399492639865,6.89e-06,0.00046463030583475406,0.00046184841253410556,0.0004712964337136255
98.66799999999999,20.08028,0.00074238,0.000543262,0.000815525,0.000470117,76.0,6.19e-06,0.0004549892764472934,6.93e-06,0.0004683696935392574,0.0004647484039141116,0.00047478202160988867
99.16799999999999,20.17995,0.00075104,0.000546534,0.00082375,0.000473824,76.5,6.19e-06,0.00045846809677366484,6.98e-06,0.0004721242952954852,0.0004676705154808143,0.00047827890285481517
99.66799999999999,20.27975,0.00075992,0.0005498090000000001,0.000831977,0.000477751,77.0,6.2e-06,0.00046197015378014793,7.03e-06,0.00047589373267248254,0.0004706146360240612,0.00048178702092124473
100.16799999999999,20.37937,0.00076824,0.0005530859999999999,0.0008402080000000001,0.000481119,77.5,6.21e-06,0.00046549514716831775,7.07e-06,0.00047967763353290335,0.0004735806543337,0.00048530631928201664
100.66799999999999,20.47912,0.00077674,0.000556367,0.000848441,0.00048466599999999997,78.0,6.21e-06,0.00046904277846668887,7.12e-06,0.00048347563199006074,0.00047656845919957807,0.0004888367414099707
101.16799999999999,20.578889999999998,0.00078539,0.00055965,0.000856677,0.000488363,78.5,6.22e-06,0.00047261275103071594,7.16e-06,0.00048728736836497913,0.00047957793941154304,0.0004923782307779466
101.66799999999999,20.67889,0.00079428,0.000562936,0.000864915,0.000492301,79.0,6.23e-06,0.00047620477004279324,7.21e-06,0.0004911124891434455,0.0004826089837594426,0.0004959307308587838
102.16799999999999,20.77887,0.0008025,0.000566224,0.000873156,0.000495568,79.5,6.23e-06,0.00047981854251225514,7.25e-06,0.0004949506469330599,0.0004856614810331242,0.0004994941851253216
102.66799999999999,20.878610000000002,0.00081089,0.000569515,0.0008814,0.000499005,80.0,6.24e-06,0.00048345377727537564,7.29e-06,0.0004988015004202876,0.0004887353200224355,0.0005030685370503999
103.16799999999999,20.97857,0.00081971,0.00057281,0.0008896469999999998,0.000502873,80.5,6.25e-06,0.00048711018499536865,7.33e-06,0.0005026647143275098,0.0004918303895172241,0.0005066537301068584
103.66799999999999,21.07851,0.00082859,0.000576106,0.000897896,0.0005068000000000001,81.0,6.26e-06,0.0004907874781623878,7.38e-06,0.0005065399593700752,0.0004949465783073374,0.0005102497077675361
104.16799999999999,21.17846,0.00083712,0.000579406,0.0009061480000000001,0.000510378,81.5,6.26e-06,0.000494485371093527,7.42e-06,0.0005104269122133509,0.0004980837751826231,0.0005138564135052729
104.66799999999999,21.27856,0.00084543,0.000582708,0.0009144019999999999,0.000513736,82.0,6.27e-06,0.0004982035799328192,7.46e-06,0.0005143252554297738,0.0005012418689329288,0.0005174737907929088
105.16799999999999,21.37893,0.00085442,0.000586013,0.00092266,0.000517773,82.5,6.28e-06,0.0005019418226512379,7.4999999999999985e-06,0.0005182346774559025,0.000504420748348102,0.0005211017831032825
105.66799999999999,21.4795,0.000863,0.00058932,0.000930919,0.000521401,83.0,6.28e-06,0.000505699819046696,7.54e-06,0.0005221548725494671,0.0005076203022179903,0.0005247403339092343
106.16799999999999,21.580579999999998,0.00087119,0.000592631,0.000939182,0.000524639,83.5,6.28e-06,0.0005094772907440465,7.57e-06,0.0005260855407464223,0.0005108404193324412,0.0005283893866836034
106.66799999999999,21.68151,0.00088008,0.000595944,0.000947447,0.000528577,84.0,6.29e-06,0.000513273961195082,7.61e-06,0.000530026387817997,0.0005140809884813023,0.0005320488848992295
107.16799999999999,21.78262,0.00088864,0.00059926,0.000955715,0.000532185,84.5,6.3e-06,0.0005170895556785354,7.65e-06,0.0005339771252277467,0.0005173418984544215,0.0005357187720289522
107.66799999999999,21.8838,0.00089735,0.000602578,0.000963985,0.000535943,85.0,6.31e-06,0.0005209238013000785,7.69e-06,0.0005379374700886044,0.000520623038041646,0.000539398991545611
108.16799999999999,21.98479,0.00090598,0.000605899,0.000972258,0.000539621,85.5,6.31e-06,0.0005247764269923241,7.72e-06,0.0005419071451199316,0.0005239242960328233,0.0005430894869220454
108.66799999999999,22.0859,0.00091561,0.000609223,0.000980534,0.000544299,86.0,6.33e-06,0.000528647163514824,7.76e-06,0.0005458858786045695,0.0005272455612178014,0.0005467902016310951
109.16799999999999,22.187160000000002,0.00092462,0.000612549,0.000988812,0.000548357,86.5,6.34e-06,0.00053253574345407,7.79e-06,0.0005498734043458913,0.0005305867223864274,0.0005505010791455996
109.66799999999999,22.28854,0.00093308,0.0006158790000000001,0.0009970930000000001,0.000551865,87.0,6.34e-06,0.000536441901223494,7.83e-06,0.000553869461624852,0.0005339476683285492,0.0005542220629383985
110.16799999999999,22.390179999999997,0.00094205,0.0006192109999999999,0.001005377,0.000555884,87.5,6.35e-06,0.0005403653730634674,7.86e-06,0.0005578737951570409,0.0005373282878340143,0.0005579530964823315
110.66799999999999,22.49196,0.00095157,0.000622545,0.001013663,0.000560452,88.0,6.37e-06,0.0005443058970413016,7.9e-06,0.0005618861550497317,0.0005407284696926702,0.0005616941232502378
111.16799999999999,22.59388,0.00096063,0.000625883,0.001021952,0.000564561,88.5,6.38e-06,0.0005482632130512479,7.93e-06,0.0005659062967589352,0.0005441481026943645,0.0005654450867149574
111.66799999999999,22.69608,0.00096877,0.0006292219999999999,0.0010302430000000001,0.00056775,89.0,6.38e-06,0.0005522370628144974,7.96e-06,0.000569933981046449,0.0005475870756289447,0.0005692059303493296
112.16799999999999,22.79824,0.00097873,0.000632565,0.001038537,0.000572758,89.5,6.4e-06,0.0005562271898791809,8e-06,0.0005739689739369102,0.0005510452772862586,0.0005729765976261942
112.66799999999999,22.90041,0.00098798,0.00063591,0.001046833,0.000577057,90.0,6.41e-06,0.0005602333396203691,8.03e-06,0.0005780110466748452,0.0005545225964561537,0.0005767570320183904
113.16799999999999,23.00258,0.0009976000000000002,0.0006392580000000001,0.001055132,0.000581726,90.5,6.43e-06,0.0005642552592400726,8.06e-06,0.0005820599756817223,0.0005580189219284773,0.0005805471769987583
113.66799999999999,23.10468,0.0010066,0.000642609,0.001063434,0.000585775,91.0,6.44e-06,0.0005682926977672416,8.09e-06,0.0005861155425130025,0.0005615341424930774,0.0005843469760401369
114.16799999999999,23.206789999999998,0.0010149,0.0006459619999999999,0.001071738,0.000589125,91.5,6.44e-06,0.0005723454060577665,8.12e-06,0.0005901775338151901,0.0005650681469398013,0.0005881563726153661
114.66799999999999,23.30892,0.001024,0.0006493180000000001,0.0010800439999999998,0.000593274,92.0,6.45e-06,0.0005764131367944775,8.15e-06,0.0005942457412828851,0.0005686208240584965,0.0005919753101972855
115.16799999999999,23.41108,0.0010337999999999999,0.0006526769999999999,0.001088354,0.000598123,92.5,6.47e-06,0.0005804956444871441,8.18e-06,0.0005983199616158334,0.0005721920626390109,0.0005958037322587344
115.66799999999999,23.513479999999998,0.0010432,0.0006560380000000001,0.001096665,0.000602573,93.0,6.48e-06,0.0005845926854724762,8.21e-06,0.0006023999964759792,0.0005757817514711916,0.0005996415822725528
116.16799999999999,23.61583,0.0010524,0.000659402,0.00110498,0.000606823,93.5,6.49e-06,0.0005887040179141234,8.24e-06,0.000606485652444515,0.0005793897793448867,0.0006034888037115797
116.66799999999999,23.718320000000002,0.0010611,0.0006627689999999999,0.0011132960000000002,0.000610572,94.0,6.5e-06,0.0005928294018026749,8.26e-06,0.0006105767409789336,0.0005830160350499435,0.0006073453400486553
117.16799999999999,23.82082,0.0010698,0.000666138,0.001121616,0.0006143219999999999,94.5,6.5e-06,0.0005969685989556603,8.29e-06,0.0006146730783700796,0.0005866604073762096,0.0006112111347566189
117.66799999999999,23.92355,0.0010785,0.00066951,0.001129938,0.000618072,95.0,6.51e-06,0.0006011213730175481,8.32e-06,0.0006187744856991999,0.0005903227851135326,0.0006150861313083099
118.16799999999999,24.02629,0.0010888,0.0006728839999999999,0.001138262,0.000623422,95.5,6.53e-06,0.0006052874894597474,8.35e-06,0.0006228807887949957,0.00059400305705176,0.0006189702731765679
118.66799999999999,24.129089999999998,0.001097,0.000676262,0.001146589,0.000626673,96.0,6.53e-06,0.000609466715580607,8.37e-06,0.0006269918181906731,0.0005977011119807394,0.0006228635038342329
119.16799999999999,24.23198,0.0011059000000000002,0.000679641,0.001154918,0.0006306230000000001,96.5,6.53e-06,0.0006136588205054155,8.400000000000001e-06,0.0006311074090809949,0.0006014168386903184,0.0006267657667541438
119.66799999999999,24.33502,0.0011145999999999999,0.000683024,0.00116325,0.000634374,97.0,6.54e-06,0.000617863575186401,8.42e-06,0.0006352274012793317,0.0006051501259703446,0.0006306770054091409
120.16799999999999,24.43802,0.0011244000000000002,0.0006864089999999999,0.001171584,0.000639224,97.5,6.56e-06,0.000622080752402732,8.45e-06,0.0006393516391747131,0.0006089008626106655,0.000634597163272063
120.66799999999999,24.54131,0.0011333,0.000689797,0.001179921,0.000643175,98.0,6.56e-06,0.0006263101267605163,8.47e-06,0.0006434799716888786,0.000612668937401129,0.0006385261838157501
121.16799999999999,24.64471,0.0011431,0.000693187,0.00118826,0.000648026,98.5,6.58e-06,0.0006305514746928018,8.49e-06,0.0006476122522333298,0.0006164542391315819,0.0006424640105130421
121.66799999999999,24.748379999999997,0.001152,0.00069658,0.001196602,0.000651977,99.0,6.59e-06,0.0006348045744595764,8.52e-06,0.0006517483386663809,0.0006202566565918726,0.0006464105868367778
122.16799999999999,24.85264,0.0011606,0.000699975,0.0012049460000000001,0.0006556289999999999,99.5,6.59e-06,0.0006390692061477674,8.54e-06,0.0006558880932502102,0.0006240760785718483,0.0006503658562597974
122.66799999999999,24.95712,0.0011706,0.000703373,0.001213293,0.00066068,100.0,6.61e-06,0.0006433451516712423,8.56e-06,0.0006600313826079111,0.0006279123938613565,0.0006543297622549403
123.16799999999999,25.06161,0.0011794000000000002,0.000706774,0.001221642,0.000664532,100.5,6.61e-06,0.0006476321947708082,8.59e-06,0.0006641780776805438,0.0006317654912502451,0.0006583022482950459
123.66799999999999,25.16626,0.0011884,0.000710178,0.0012299939999999999,0.000668584,101.0,6.62e-06,0.0006519301210142123,8.61e-06,0.0006683280536841865,0.0006356352595283614,0.000662283257852954
124.16799999999999,25.27095,0.0011978,0.000713584,0.001238348,0.000673036,101.5,6.63e-06,0.0006562387177961415,8.63e-06,0.0006724811900669863,0.0006395215874855529,0.0006662727344015039
124.66799999999999,25.37547,0.0012077,0.000716992,0.001246704,0.000677988,102.0,6.65e-06,0.0006605577743382221,8.65e-06,0.0006766373704662107,0.0006434243639116674,0.0006702706214135355
125.16799999999999,25.479870000000002,0.001216,0.000720403,0.001255063,0.00068134,102.5,6.65e-06,0.000664887081689021,8.67e-06,0.0006807964826652987,0.0006473434775965524,0.0006742768623618883
125.66799999999999,25.58369,0.0012246,0.000723817,0.001263425,0.0006849919999999999,103.0,6.65e-06,0.0006692264327240444,8.69e-06,0.0006849584185509127,0.0006512788173300553,0.0006782914007194015
126.16799999999999,25.68751,0.0012335999999999998,0.0007272339999999999,0.001271788,0.000689045,103.5,6.66e-06,0.0006735756221457385,8.71e-06,0.0006891230740699889,0.000655230271902024,0.000682314179958915
126.66799999999999,25.791610000000002,0.0012429000000000001,0.000730653,0.001280155,0.000693398,104.0,6.67e-06,0.0006779344464834894,8.73e-06,0.0006932903491867889,0.0006591977301023059,0.0006863451435532684
127.16799999999999,25.89568,0.0012515999999999998,0.0007340739999999999,0.001288523,0.000697151,104.5,6.67e-06,0.0006823027040936231,8.75e-06,0.0006974601478399512,0.0006631810807207485,0.0006903842349753012
127.66799999999999,25.99972,0.0012602,0.0007374980000000001,0.001296894,0.000700804,105.0,6.67e-06,0.000686680195159405,8.76e-06,0.0007016323778995422,0.0006671802125471996,0.0006944313976978529
128.168,26.10379,0.0012693,0.000740925,0.001305268,0.000704957,105.5,6.68e-06,0.000691066721691041,8.78e-06,0.0007058069511241077,0.0006711950143715068,0.0006984865751937633
128.668,26.20807000000001,0.0012777,0.0007443539999999999,0.001313643,0.000708411,106.0,6.68e-06,0.0006954620875256757,8.8e-06,0.000709983783117723,0.0006752253749835171,0.0007025497109358717
129.168,26.312440000000002,0.0012873,0.0007477860000000001,0.001322021,0.000713065,106.5,6.7e-06,0.0006998660983273951,8.82e-06,0.0007141627932870467,0.0006792711831730787,0.0007066207483970178
129.668,26.416959999999996,0.0012962,0.000751221,0.001330402,0.000717019,107.0,6.7e-06,0.0007042785615872239,8.83e-06,0.0007183439047983692,0.000683332327730039,0.0007106996310500412
130.168,26.52125,0.0013046,0.0007546580000000001,0.001338785,0.000720473,107.5,6.7e-06,0.0007086992866231272,8.85e-06,0.0007225270445346663,0.0006874086974442454,0.0007147863023677813
130.668,26.625659999999996,0.0013137000000000001,0.000758097,0.00134717,0.0007246269999999999,108.0,6.71e-06,0.0007131280845800092,8.87e-06,0.0007267121430526477,0.0006915001811055455,0.0007188807058230779
131.168,26.73025,0.0013222000000000002,0.000761539,0.001355558,0.000728182,108.5,6.71e-06,0.0007175647684297148,8.88e-06,0.0007308991345398113,0.0006956066675037871,0.0007229827848887703
131.668,26.834979999999998,0.0013315999999999998,0.0007649839999999999,0.0013639479999999998,0.000732636,109.0,6.72e-06,0.0007220091529710281,8.900000000000001e-06,0.0007350879567714925,0.0006997280454288175,0.0007270924830376983
132.168,26.9399,0.0013405,0.0007684310000000001,0.00137234,0.0007365910000000001,109.5,6.73e-06,0.0007264610548296734,8.91e-06,0.0007392785510679163,0.0007038642036704847,0.0007312097437427015
132.668,27.0448,0.0013493000000000001,0.0007718810000000001,0.001380735,0.0007404460000000001,110.0,6.73e-06,0.0007309202924583149,8.93e-06,0.000743470862251248,0.0007080150310186358,0.0007353345104766192
133.168,27.14955,0.0013584,0.0007753339999999999,0.0013891320000000002,0.000744602,110.5,6.74e-06,0.0007353866861365563,8.94e-06,0.000747664838602645,0.0007121804162631187,0.0007394667267122914
133.668,27.254609999999996,0.0013671,0.0007787889999999999,0.001397531,0.000748357,111.0,6.74e-06,0.0007398600579709412,8.95e-06,0.0007518604318193076,0.0007163602481937807,0.0007436063359225573
134.168,27.359779999999997,0.001376,0.000782246,0.0014059329999999998,0.000752313,111.5,6.75e-06,0.0007443402318949532,8.97e-06,0.0007560575969715305,0.0007205544156004696,0.0007477532815802565
134.668,27.464940000000002,0.0013858,0.0007857060000000001,0.001414337,0.0007571689999999999,112.0,6.76e-06,0.0007488270336690157,8.98e-06,0.0007602562924597541,0.0007247628072730328,0.0007519075071582288
135.168,27.570259999999998,0.0013942,0.0007891689999999999,0.0014227439999999999,0.000760625,112.5,6.76e-06,0.0007533202908804918,8.99e-06,0.0007644564799716158,0.0007289853120013181,0.0007560689561293137
135.668,27.675440000000002,0.0014027,0.000792634,0.0014311520000000002,0.000764182,113.0,6.76e-06,0.0007578198329436846,9.01e-06,0.000768658124439001,0.0007332218185751728,0.0007602375719663503
136.168,27.7808,0.0014128,0.0007961019999999999,0.0014395629999999998,0.000769338,113.5,6.78e-06,0.0007623254910998368,9.02e-06,0.0007728611939950946,0.0007374722157844447,0.0007644132981421789
136.668,27.886309999999998,0.0014215999999999999,0.000799572,0.001447977,0.000773195,114.0,6.78e-06,0.0007668370984171312,9.03e-06,0.0007770656599314322,0.0007417363924189811,0.0007685960781296388
137.168,27.99176,0.0014308,0.000803045,0.0014563920000000001,0.000777452,114.5,6.79e-06,0.0007713544897906903,9.04e-06,0.0007812714966549514,0.00074601423726863,0.0007727858554015695
137.668,28.097590000000004,0.0014399,0.00080652,0.00146481,0.00078161,115.0,6.8e-06,0.0007758775019425765,9.05e-06,0.0007854786816450426,0.0007503056391232389,0.0007769825734308104
138.168,28.203559999999996,0.0014487999999999999,0.000809998,0.00147323,0.0007855669999999999,115.5,6.8e-06,0.0007804059734217921,9.06e-06,0.0007896871954106017,0.0007546104867726547,0.0007811861756902014
138.668,28.30945,0.0014575999999999999,0.0008134780000000001,0.0014816529999999999,0.000789425,116.0,6.81e-06,0.0007849397446042787,9.07e-06,0.000793897021447079,0.0007589286690067257,0.000785396605652582
139.168,28.41552,0.0014676,0.0008169610000000001,0.001490078,0.000794483,116.5,6.82e-06,0.0007894786576929183,9.08e-06,0.0007981081461935327,0.0007632600746152993,0.0007896138067907915
139.668,28.52154,0.0014762,0.0008204460000000001,0.001498505,0.000798142,117.0,6.82e-06,0.0007940225567175327,9.09e-06,0.000802320558989679,0.0007676045923882232,0.0007938377225776697
140.168,28.62752,0.0014849,0.0008239339999999999,0.001506934,0.0008019,117.5,6.82e-06,0.0007985712875348834,9.1e-06,0.0008065342520329437,0.0007719621111153443,0.0007980682964860563
140.668,28.73344,0.0014952,0.000827425,0.001515365,0.000807259,118.0,6.84e-06,0.0008031246978286715,9.11e-06,0.0008107492203355133,0.0007763325195865113,0.0008023054719887906
141.168,28.83917000000001,0.0015039,0.0008309169999999999,0.001523799,0.000811018,118.5,6.84e-06,0.0008076826371095384,9.12e-06,0.0008149654616813864,0.0007807157065915707,0.0008065491925587124
141.668,28.944640000000003,0.0015129000000000002,0.000834413,0.001532235,0.000815078,119.0,6.85e-06,0.0008122449567150652,9.13e-06,0.0008191829765834251,0.0007851115609203707,0.0008107994016686612
142.168,29.05014000000001,0.0015206,0.0008379110000000001,0.001540674,0.000817837,119.5,6.84e-06,0.0008168115098097725,9.14e-06,0.0008234017682404057,0.0007895199713627587,0.0008150560427914763
142.668,29.15561,0.0015300999999999995,0.000841411,0.0015491139999999999,0.000822397,120.0,6.85e-06,0.0008213821513851211,9.15e-06,0.0008276218424940706,0.0007939408267085823,0.0008193190593999976
143.168,29.26108,0.0015392000000000001,0.000844914,0.0015575570000000002,0.000826557,120.5,6.86e-06,0.0008259567382595116,9.15e-06,0.0008318432077861792,0.0007983740157476889,0.0008235883949670644
143.668,29.366740000000004,0.0015482,0.0008484189999999999,0.0015660020000000001,0.000830618,121.0,6.86e-06,0.000830535129078284,9.16e-06,0.0008360658751155593,0.0008028194272699262,0.0008278639929655167
144.168,29.47257,0.0015568,0.0008519269999999999,0.001574449,0.000834278,121.5,6.87e-06,0.0008351171843137187,9.17e-06,0.0008402898579951585,0.0008072769500651421,0.0008321457968681937
144.668,29.57848,0.0015655999999999999,0.000855438,0.001582898,0.0008381389999999999,122.0,6.87e-06,0.0008397027662650358,9.17e-06,0.0008445151724090949,0.0008117464729231837,0.0008364337501479352
145.168,29.684820000000002,0.0015745999999999998,0.000858951,0.00159135,0.0008422000000000001,122.5,6.88e-06,0.0008442917390583949,9.18e-06,0.0008487418367697092,0.0008162278846338987,0.0008407277962775808
145.668,29.791420000000002,0.0015838,0.0008624660000000001,0.001599804,0.000846462,123.0,6.88e-06,0.0008488839686468959,9.19e-06,0.0008529698718746151,0.0008207210739871348,0.0008450278787299696
146.168,29.8981,0.0015930999999999999,0.000865984,0.00160826,0.0008508239999999999,123.5,6.89e-06,0.0008534793228105784,9.19e-06,0.0008571993008637516,0.0008252259297727393,0.0008493339409779417
146.668,30.00505,0.0016018,0.0008695039999999999,0.0016167179999999998,0.0008545860000000001,124.0,6.89e-06,0.0008580776711564213,9.2e-06,0.0008614301491764325,0.0008297423407805601,0.0008536459264943365
147.168,30.111929999999997,0.001611,0.000873027,0.001625179,0.0008588480000000001,124.5,6.900000000000002e-06,0.0008626788851183439,9.21e-06,0.0008656624445084001,0.0008342701958004449,0.0008579637787519933
147.668,30.21886,0.0016202000000000002,0.000876552,0.0016336410000000001,0.0008631110000000001,125.0,6.900000000000002e-06,0.0008672828379572053,9.21e-06,0.0008698962167688744,0.0008388093836222407,0.0008622874412237522
148.168,30.32597,0.0016295,0.00088008,0.0016421060000000002,0.0008674739999999999,125.5,6.91e-06,0.0008718894047608042,9.22e-06,0.0008741314980376054,0.0008433597930357952,0.0008666168573824523
148.668,30.433000000000003,0.0016385999999999998,0.00088361,0.0016505729999999998,0.000871637,126.0,6.92e-06,0.0008764984624438796,9.22e-06,0.0008783683225219239,0.0008479213128309564,0.0008709519707009334
149.168,30.53998,0.0016483000000000001,0.0008871430000000002,0.0016590420000000001,0.0008763999999999999,126.5,6.93e-06,0.0008811098897481095,9.23e-06,0.0008826067265137932,0.0008524938317975718,0.000875292724652035
149.668,30.64698,0.0016576,0.000890678,0.001667514,0.0008807639999999998,127.0,6.94e-06,0.0008857235672421127,9.23e-06,0.0008868467483468601,0.0008570772387254885,0.0008796390627085968
150.168,30.75416,0.001667,0.000894215,0.001675987,0.0008852280000000002,127.5,6.94e-06,0.0008903393773214471,9.23e-06,0.0008910884283535058,0.0008616714224045545,0.0008839909283434583
150.668,30.861340000000002,0.0016762999999999995,0.000897755,0.001684463,0.000889593,128.0,6.95e-06,0.0008949572042086107,9.24e-06,0.0008953318088218981,0.0008662762716246174,0.0008883482650294591
151.168,30.968629999999997,0.0016848,0.000901298,0.001692941,0.000893157,128.5,6.95e-06,0.0008995769339530413,9.24e-06,0.0008995769339530417,0.0008708916751755244,0.0008927110162394382
151.668,31.07595,0.0016945,0.000904843,0.001701421,0.000897922,129.0,6.96e-06,0.0009041984544311167,9.24e-06,0.0009038238498178299,0.0008755175218471235,0.0008970791314808754
152.168,31.18365,0.0017035999999999998,0.00090839,0.0017099029999999998,0.000902088,129.5,6.97e-06,0.0009088216553461544,9.25e-06,0.0009080726043140962,0.000880153700429262,0.0009014525843998051
152.668,31.291359999999997,0.0017134000000000001,0.00091194,0.001718387,0.0009069530000000001,130.0,6.98e-06,0.0009134464282284114,9.25e-06,0.0009123232471236648,0.0008848000997117876,0.0009058313546769018
153.168,31.399070000000002,0.0017224,0.000915492,0.0017268729999999999,0.0009110189999999999,130.5,6.98e-06,0.0009180726664350853,9.25e-06,0.0009165758296694023,0.0008894566084845476,0.0009102154219928396
153.668,31.506759999999996,0.0017315000000000002,0.000919047,0.001735362,0.000915186,131.0,6.99e-06,0.0009227002651503128,9.26e-06,0.0009208304050722691,0.0008941231155373898,0.0009146047660282934
154.168,31.614590000000003,0.0017411999999999998,0.0009226039999999999,0.0017438520000000002,0.0009199519999999999,131.5,7.000000000000002e-06,0.0009273291213851711,9.26e-06,0.0009250870281083707,0.000898799509660162,0.0009189993664639369
154.668,31.722509999999996,0.0017506,0.0009261639999999999,0.001752345,0.0009244189999999999,132.0,7.000000000000002e-06,0.0009319591339776763,9.26e-06,0.0009293457551660078,0.0009034856796427116,0.0009233992029804448
155.168,31.830409999999997,0.0017601,0.0009297260000000001,0.00176084,0.000928986,132.5,7.01e-06,0.000936590203592785,9.26e-06,0.0009336066442027295,0.000908181514274886,0.0009278042552584913
155.668,31.9382,0.0017689,0.00093329,0.0017693370000000004,0.0009328539999999999,133.0,7.01e-06,0.0009412222327223938,9.26e-06,0.0009378697547023832,0.0009128869023465328,0.0009322145029787506
156.168,32.046009999999995,0.0017783,0.0009368569999999999,0.001777836,0.000937322,133.5,7.02e-06,0.0009458551256853387,9.27e-06,0.0009421351476321662,0.0009176017326475,0.000936629925821897
156.668,32.15396,0.0017873000000000001,0.000940427,0.001786337,0.00094139,134.0,7.03e-06,0.0009504887886273957,9.27e-06,0.0009464028853996771,0.0009223258939676343,0.000941050503468605
157.168,32.26201,0.0017965,0.000943998,0.00179484,0.000945658,134.5,7.03e-06,0.0009551231295212805,9.27e-06,0.000950673031809967,0.0009270592750967844,0.000945476215599549
157.668,32.37004,0.0018062000000000002,0.0009475719999999999,0.001803345,0.000950427,135.0,7.04e-06,0.0009597580581666489,9.27e-06,0.0009549456520225904,0.0009318017648247967,0.0009499070418954027
158.168,32.477909999999994,0.0018156,0.000951149,0.001811852,0.000954897,135.5,7.05e-06,0.0009643934861900965,9.27e-06,0.0009592208125086574,0.0009365532519415199,0.0009543429620368413
158.668,32.58595,0.0018248000000000001,0.0009547280000000001,0.001820362,0.000959166,136.0,7.05e-06,0.0009690293270451583,9.27e-06,0.0009634985810078835,0.0009413136252368006,0.0009587839557045386
159.168,32.69392,0.0018335,0.000958309,0.001828873,0.0009629360000000001,136.5,7.05e-06,0.0009736654960123095,9.27e-06,0.0009677790264856424,0.0009460827735004872,0.000963230002579169
159.668,32.80195,0.001843,0.000961893,0.0018373870000000002,0.000967506,137.0,7.06e-06,0.0009783019101989652,9.27e-06,0.0009720622190900165,0.0009508605855224266,0.0009676810823414067
160.168,32.90998,0.0018524999999999998,0.000965479,0.0018459020000000002,0.000972077,137.5,7.07e-06,0.0009829384885394804,9.27e-06,0.0009763482301088479,0.0009556469500924668,0.0009721371746719261
160.668,33.01805,0.0018616,0.000969068,0.00185442,0.000976248,138.0,7.07e-06,0.0009875751517951495,9.27e-06,0.0009806371319267902,0.0009604417560004552,0.0009765982592514013
161.168,33.12621,0.0018708,0.000972659,0.0018629389999999999,0.000980519,138.5,7.08e-06,0.0009922118225542068,9.27e-06,0.0009849289979823594,0.0009652448920362392,0.0009810643157605072
161.668,33.23447,0.0018802,0.0009762519999999999,0.001871461,0.0009849910000000002,139.0,7.09e-06,0.000996848425231827,9.27e-06,0.000989223902724986,0.000970056246989667,0.0009855353238799177
162.168,33.34278,0.0018889,0.000979848,0.001879985,0.000988763,139.5,7.09e-06,0.0010014848860701244,9.27e-06,0.0009935219215720646,0.0009748757096505855,0.0009900112632903067
162.668,33.451159999999994,0.0018989999999999999,0.000983446,0.001888511,0.000993935,140.0,7.1e-06,0.0010061211331381522,9.27e-06,0.0009978231308660065,0.000979703168808843,0.0009944921136723496
163.168,33.559779999999996,0.0019079000000000001,0.000987047,0.001897038,0.000997908,140.5,7.1e-06,0.0010107570963319046,9.27e-06,0.001002127607831291,0.000984538513254286,0.0009989778547067197
163.668,33.66812,0.0019167000000000001,0.000990649,0.0019055679999999998,0.001001781,141.0,7.1e-06,0.0010153927073743153,9.27e-06,0.0010064354305315158,0.0009893816317767625,0.0010034684660740918
164.168,33.77647,0.0019267,0.000994255,0.0019140999999999997,0.001006855,141.5,7.12e-06,0.0010200278998152579,9.27e-06,0.001010746677826449,0.000994232413166121,0.00100796392745514
164.668,33.88478,0.0019355999999999998,0.000997862,0.0019226339999999999,0.001010829,142.0,7.12e-06,0.0010246626090315454,9.27e-06,0.00101506142932908,0.000999090746212208,0.001012464218530539
165.168,33.9935,0.0019448,0.0010014730000000001,0.00193117,0.001015103,142.5,7.12e-06,0.0010292967722269313,9.27e-06,0.001019379765362671,0.001003956519704871,0.0010169693189809627
165.668,34.10232,0.0019543,0.001005085,0.0019397079999999998,0.0010196769999999999,143.0,7.13e-06,0.0010339303284321083,9.27e-06,0.001023701766917808,0.0010088296224339583,0.0010214792084870853
166.168,34.21113,0.0019637,0.0010087,0.0019482470000000002,0.001024152,143.5,7.14e-06,0.0010385632185047093,9.27e-06,0.001028027515609452,0.0010137099431893172,0.0010259938667295818
166.668,34.31985,0.0019725999999999997,0.001012317,0.001956789,0.0010281280000000001,144.0,7.14e-06,0.0010431953851293067,9.26e-06,0.001032357093633991,0.0010185973707607953,0.0010305132733891254
167.168,34.4288,0.0019822,0.001015936,0.001965333,0.001032804,144.5,7.15e-06,0.0010478267728174133,9.26e-06,0.00103669058372629,0.0010234917939382399,0.0010350374081463918
167.668,34.53776,0.0019912,0.001019558,0.001973879,0.00103688,145.0,7.15e-06,0.0010524573279074815,9.26e-06,0.0010410280691167436,0.0010283931015114987,0.0010395662506820543
168.168,34.64665,0.0020006,0.001023183,0.0019824260000000002,0.001041356,145.5,7.16e-06,0.001057086998564903,9.26e-06,0.0010453696334883262,0.0010333011822704196,0.0010440997806767875
168.668,34.75541,0.0020098,0.0010268089999999998,0.001990976,0.001045633,146.0,7.16e-06,0.00106171573478201,9.26e-06,0.0010497153609336442,0.0010382159250048497,0.0010486379778112656
169.168,34.864329999999995,0.0020195,0.001030438,0.001999528,0.00105041,146.5,7.17e-06,0.001066343488378074,9.25e-06,0.001054065335911986,0.0010431372185046369,0.0010531808217661635
169.668,34.97327,0.0020289,0.00103407,0.002008081,0.0010548880000000001,147.0,7.18e-06,0.0010709702129993073,9.25e-06,0.0010584196432063748,0.0010480649515596286,0.0010577282922221549
170.168,35.08274,0.0020379,0.001037703,0.002016637,0.0010589660000000002,147.5,7.18e-06,0.001075595864118861,9.25e-06,0.0010627783678806189,0.0010529990129596726,0.0010622803688599136
170.668,35.1923,0.0020471,0.0010413389999999998,0.002025194,0.001063245,148.0,7.18e-06,0.0010802203990368264,9.25e-06,0.0010671415952363626,0.0010579392914946161,0.0010668370313601154
171.168,35.30209,0.0020570000000000002,0.001044978,0.002033754,0.001068224,148.5,7.19e-06,0.0010848437768802345,9.25e-06,0.0010715094107701384,0.0010628856759543072,0.0010713982594034335
171.668,35.41174,0.0020662,0.001048618,0.002042315,0.001072503,149.0,7.200000000000001e-06,0.001089465958603056,9.24e-06,0.0010758819001304182,0.0010678380551285927,0.0010759640326705423
172.168,35.52166,0.0020754000000000002,0.001052261,0.002050879,0.001076783,149.5,7.200000000000001e-06,0.0010940869069862025,9.24e-06,0.001080259149074664,0.0010727963178073213,0.0010805343308421165
172.668,35.63157,0.002085,0.001055907,0.002059444,0.001081463,150.0,7.21e-06,0.001098706586637524,9.24e-06,0.0010846412434263792,0.0010777603527803393,0.0010851091335988305
173.168,35.7414,0.0020945,0.0010595539999999999,0.0020680110000000002,0.001086043,150.5,7.22e-06,0.001103324963991811,9.24e-06,0.0010890282690321602,0.0010827300488374949,0.001089688420621358
173.668,35.85136,0.0021041999999999996,0.0010632039999999999,0.00207658,0.001090824,151.0,7.22e-06,0.0011079420073107941,9.23e-06,0.0010934203117187475,0.0010877052947686357,0.0010942721715903735
174.168,35.9613,0.0021134,0.001066857,0.002085151,0.001095106,151.5,7.23e-06,0.0011125576866831432,9.23e-06,0.0010978174572500773,0.0010926859793636097,0.0010988603661865517
174.668,36.0715,0.0021235,0.0010705110000000001,0.002093724,0.001100287,152.0,7.24e-06,0.0011171719740244684,9.23e-06,0.0011022197912843317,0.0010976719914122632,0.0011034529840905668
175.168,36.1817,0.0021320999999999996,0.0010741680000000001,0.0021022989999999997,0.00110397,152.5,7.24e-06,0.0011217848430773193,9.22e-06,0.0011066273993309917,0.0011026632197044452,0.001108050004983093
175.668,36.29201,0.0021422,0.001077828,0.0021108760000000002,0.001109152,153.0,7.25e-06,0.0011263962694111856,9.22e-06,0.001111040366707887,0.0011076595530300022,0.0011126514085448042
176.168,36.40237,0.0021514,0.001081489,0.0021194539999999998,0.001113435,153.5,7.25e-06,0.0011310062304224968,9.22e-06,0.0011154587784982471,0.0011126608801787828,0.0011172571744563755
176.668,36.51299,0.0021612,0.001085153,0.002128035,0.001118319,154.0,7.26e-06,0.0011356147053346222,9.22e-06,0.0011198827195077546,0.0011176670899406336,0.001121867282398481
177.168,36.62355,0.0021706,0.00108882,0.002136617,0.0011228030000000001,154.5,7.27e-06,0.001140221675197871,9.21e-06,0.0011243122742215937,0.0011226780711054026,0.0011264817120517944
177.668,36.73417,0.0021807,0.001092488,0.0021452010000000002,0.001127987,155.0,7.28e-06,0.0011448271228894917,9.21e-06,0.001128747526761504,0.0011276937124629375,0.0011311004430969906
178.168,36.84485,0.0021898000000000004,0.001096159,0.0021537870000000003,0.0011321719999999999,155.5,7.28e-06,0.001149431033113674,9.21e-06,0.00113318856084283,0.0011327139028030856,0.0011357234552147434
178.668,36.95545,0.0021996,0.001099832,0.002162375,0.001137057,156.0,7.29e-06,0.0011540333924015456,9.2e-06,0.0011376354597315722,0.0011377385309156948,0.0011403507280857283
179.168,37.0661,0.0022088,0.001103508,0.002170965,0.001141342,156.5,7.29e-06,0.0011586341891111753,9.2e-06,0.0011420883062014404,0.0011427674855906125,0.0011449822413906183
179.668,37.176629999999996,0.0022185,0.001107185,0.002179557,0.0011461289999999999,157.0,7.299999999999999e-06,0.0011632334134275713,9.2e-06,0.0011465471824909032,0.001147800655617686,0.0011496179748100882
180.168,37.28705,0.002228,0.001110866,0.00218815,0.001150715,157.5,7.31e-06,0.001167831057362682,9.19e-06,0.0011510121702602398,0.001152837929786763,0.0011542579080248128
180.668,37.39782,0.0022375999999999997,0.001114548,0.002196746,0.001155402,158.0,7.31e-06,0.0011724271147553948,9.19e-06,0.001155483350548591,0.0011578791968876914,0.0011589020207154652
181.168,37.5088,0.0022469,0.001118233,0.002205343,0.001159789,158.5,7.32e-06,0.001177021581271538,9.19e-06,0.0011599608037310106,0.0011629243457103185,0.001163550292562721
181.668,37.61953,0.0022558000000000005,0.00112192,0.002213942,0.001163777,159.0,7.32e-06,0.001181614454403879,9.18e-06,0.0011644446094755173,0.001167973265044492,0.0011682027032472537
182.168,37.730059999999995,0.0022648000000000004,0.0011256089999999999,0.002222543,0.001167866,159.5,7.32e-06,0.0011862057334721253,9.18e-06,0.0011689348467001448,0.0011730258436800593,0.0011728592324497381
182.668,37.84045,0.0022748,0.0011293,0.0022311460000000003,0.001172954,160.0,7.33e-06,0.0011907954196229242,9.18e-06,0.0011734315935299942,0.001178081970406868,0.0011775198598508482
183.168,37.95102,0.0022841,0.001132994,0.00223975,0.0011773439999999999,160.5,7.34e-06,0.0011953835158298627,9.17e-06,0.0011779349272542838,0.0011831415340147662,0.0011821845651312577
183.668,38.061859999999996,0.0022941,0.00113669,0.0022483570000000003,0.001182433,161.0,7.34e-06,0.0011999700268934678,9.17e-06,0.0011824449242834024,0.0011882044232936007,0.0011868533279716423
184.168,38.17234000000001,0.0023028000000000002,0.001140388,0.002256965,0.001186223,161.5,7.35e-06,0.0012045549594412062,9.17e-06,0.0011869616601059587,0.0011932705270332198,0.001191526128052676
184.668,38.28293,0.002313,0.001144089,0.002265575,0.0011915139999999999,162.0,7.36e-06,0.001209138321927485,9.17e-06,0.0011914852092458335,0.00119833973402347,0.0011962029450550322
185.168,38.39403,0.0023225999999999998,0.001147792,0.002274187,0.001196205,162.5,7.36e-06,0.00121372012463365,9.16e-06,0.001196015645219231,0.0012034119330541998,0.0012008837586593856
185.668,38.50544,0.0023320999999999997,0.001151497,0.0022828,0.001200797,163.0,7.37e-06,0.0012183003796679874,9.16e-06,0.0012005530404917294,0.0012084870129152566,0.0012055685485464112
186.168,38.61703,0.0023417,0.001155204,0.002291416,0.001205489,163.5,7.37e-06,0.0012228791009657241,9.16e-06,0.0012050974664353333,0.0012135648623964879,0.0012102572943967823
186.668,38.72833,0.0023511,0.001158914,0.002300033,0.0012099810000000002,164.0,7.38e-06,0.0012274563042890254,9.15e-06,0.001209648993285523,0.0012186453702877412,0.001214949975891174
187.168,38.83987,0.0023609,0.0011626260000000002,0.002308652,0.001214874,164.5,7.39e-06,0.0012320320072269973,9.15e-06,0.0012142076900983085,0.0012237284253788644,0.0012196465727102603
187.668,38.95124000000001,0.0023702,0.00116634,0.002317273,0.0012192680000000001,165.0,7.39e-06,0.0012366062291956853,9.15e-06,0.0012187736247072781,0.0012288139164597048,0.0012243470645347154
188.168,39.062709999999996,0.0023797,0.001170057,0.002325895,0.001223862,165.5,7.39e-06,0.0012411789914380748,9.14e-06,0.001223346863680652,0.0012339017323201099,0.0012290514310452135
188.668,39.17412,0.0023891999999999997,0.001173775,0.0023345189999999997,0.0012284560000000002,166.0,7.400000000000001e-06,0.0012457503170240911,9.14e-06,0.0012279274722783308,0.001238991761749927,0.0012337596519224295
189.168,39.28564,0.0023995,0.001177496,0.002343145,0.001233851,166.5,7.41e-06,0.0012503202308505993,9.14e-06,0.0012325155144089501,0.0012440838935390045,0.0012384717068470372
189.668,39.397259999999996,0.0024087,0.0011812189999999998,0.0023517729999999997,0.001238146,167.0,7.41e-06,0.0012548887596414045,9.14e-06,0.0012371110525869291,0.0012491780164771895,0.001243187575499711
190.168,39.50879000000001,0.0024184000000000002,0.001184945,0.002360403,0.001242942,167.5,7.42e-06,0.0012594559319472514,9.13e-06,0.0012417141478895228,0.0012542740193543297,0.0012479072375611259
190.668,39.62055,0.0024283,0.001188672,0.002369034,0.001247938,168.0,7.43e-06,0.0012640217781458244,9.13e-06,0.0012463248599138732,0.0012593717909602721,0.0012526306727119547
191.168,39.73231,0.0024383000000000004,0.001192402,0.002377667,0.001253035,168.5,7.44e-06,0.0012685863304417481,9.13e-06,0.0012509432467340616,0.0012644712200848651,0.0012573578606328729
191.668,39.84394,0.002448,0.001196134,0.0023863020000000003,0.001257833,169.0,7.44e-06,0.0012731496228665868,9.13e-06,0.0012555693648581574,0.001269572195517956,0.0012620887810045546
192.168,39.95585,0.0024579999999999997,0.001199869,0.0023949379999999997,0.00126293,169.5,7.45e-06,0.0012777116912788444,9.12e-06,0.0012602032691852718,0.0012746746060493923,0.0012668234135076743
192.668,40.067679999999996,0.0024673000000000004,0.001203605,0.002403577,0.001267329,170.0,7.45e-06,0.0012822725733639653,9.12e-06,0.0012648450129626079,0.0012797783404690211,0.0012715617378229057
193.168,40.179629999999996,0.0024774999999999997,0.001207344,0.002412217,0.001272628,170.5,7.46e-06,0.0012868323086343328,9.12e-06,0.001269494647742512,0.0012848832875666906,0.0012763037336309235
193.668,40.2919,0.0024874000000000003,0.001211085,0.0024208579999999997,0.001277627,171.0,7.47e-06,0.0012913909384292704,9.12e-06,0.0012741522233395254,0.0012899893361322484,0.001281049380612402
194.168,40.40397,0.0024975,0.001214828,0.002429502,0.001282827,171.5,7.48e-06,0.0012959485059150424,9.11e-06,0.0012788177877874356,0.0012950963749555418,0.0012857986584480154
194.668,40.51643,0.0025071,0.001218574,0.0024381470000000003,0.001287527,172.0,7.49e-06,0.001300505056084851,9.11e-06,0.0012834913872963258,0.0013002042928264186,0.0012905515468184382
195.168,40.62887,0.0025172,0.001222321,0.002446794,0.001292728,172.5,7.49e-06,0.0013050606357588395,9.11e-06,0.0012881730662096286,0.0013053129785347262,0.0012953080254043446
195.668,40.74146,0.0025274,0.001226071,0.002455442,0.001298029,173.0,7.4999999999999985e-06,0.0013096152935840914,9.11e-06,0.001292862866961177,0.0013104223208703122,0.0013000680738864089
196.168,40.85398,0.0025372,0.0012298230000000001,0.002464092,0.001302931,173.5,7.51e-06,0.001314169080034629,9.11e-06,0.0012975608300322538,0.0013155322086230241,0.0013048316719453056
196.668,40.96646,0.0025484,0.001233578,0.002472744,0.001309234,174.0,7.52e-06,0.0013187220474114147,9.11e-06,0.0013022669939086442,0.0013206425305827096,0.0013095987992617088
197.168,41.07914,0.0025579,0.0012373339999999999,0.0024813979999999997,0.001313836,174.5,7.53e-06,0.0013232742498423514,9.1e-06,0.0013069813950376875,0.0013257531755392162,0.0013143694355162926
197.668,41.19207,0.0025678000000000003,0.001241093,0.002490053,0.00131884,175.0,7.54e-06,0.0013278257432822814,9.1e-06,0.0013117040677853272,0.0013308640322823913,0.0013191435603897318
198.168,41.30487,0.0025775999999999998,0.0012448539999999999,0.00249871,0.001323744,175.5,7.54e-06,0.0013323765855129863,9.1e-06,0.001316435044393163,0.0013359749896020828,0.0013239211535627006
198.668,41.41755,0.0025870999999999997,0.001248617,0.0025073689999999997,0.0013283479999999998,176.0,7.55e-06,0.0013369268361431883,9.1e-06,0.0013211743549355016,0.0013410859362881383,0.0013287021947158727
199.168,41.53042,0.0025971999999999996,0.001252382,0.002516029,0.001333553,176.5,7.56e-06,0.0013414765566085493,9.1e-06,0.0013259220272764088,0.0013461967611304053,0.0013334866635299235
199.668,41.64335,0.0026072,0.00125615,0.002524691,0.0013386589999999999,177.0,7.56e-06,0.0013460258101716707,9.1e-06,0.0013306780870267593,0.001351307352918731,0.0013382745396855267
200.168,41.75634,0.0026183000000000005,0.001259919,0.002533355,0.001344865,177.5,7.58e-06,0.0013505746619220937,9.1e-06,0.0013354425575012898,0.0013564176004429635,0.0013430658028633562
200.668,41.86938,0.0026271999999999997,0.0012636910000000002,0.00254202,0.001348872,178.0,7.58e-06,0.0013551231787763001,9.1e-06,0.0013402154596756485,0.00136152739249295,0.001347860432744087
201.168,41.98247,0.0026372,0.001267465,0.0025506870000000003,0.001353979,178.5,7.59e-06,0.0013596714294777106,9.1e-06,0.001344996812143448,0.0013666366178585383,0.0013526584090083934
201.668,42.0958,0.0026471999999999997,0.001271242,0.002559355,0.001359086,179.0,7.59e-06,0.001364219484596686,9.1e-06,0.0013497866310733149,0.0013717451653295757,0.0013574597113369493
202.168,42.20922,0.0026564,0.00127502,0.002568025,0.001363395,179.5,7.6e-06,0.0013687674165305279,9.1e-06,0.0013545849301659428,0.0013768529236959101,0.001362264319410429
202.668,42.322829999999996,0.0026656999999999996,0.001278801,0.002576697,0.001367803,180.0,7.6e-06,0.0013733152995034756,9.1e-06,0.0013593917206111417,0.001381959781747389,0.0013670722129095073
203.168,42.436370000000004,0.0026761,0.0012825830000000001,0.002585371,0.001373313,180.5,7.61e-06,0.0013778632095667103,9.1e-06,0.0013642070110448906,0.0013870656282738603,0.0013718833715148577
203.668,42.55012,0.0026855,0.001286368,0.002594046,0.0013778220000000001,181.0,7.61e-06,0.0013824112245983521,9.1e-06,0.0013690308075063888,0.0013921703520651707,0.0013766977749071554
204.168,42.66387,0.0026956,0.001290155,0.002602723,0.0013830329999999999,181.5,7.62e-06,0.0013869594243034612,9.1e-06,0.0013738631133951061,0.0013972738419111685,0.0013815154027670743
204.668,42.77766,0.0027056,0.001293945,0.002611401,0.001388144,182.0,7.63e-06,0.0013915078902140372,9.1e-06,0.0013787039294278357,0.001402375986601701,0.001386336234775289
205.168,42.89156,0.0027151999999999996,0.001297736,0.0026200810000000002,0.001392855,182.5,7.63e-06,0.00139605670568902,9.1e-06,0.001383553253595743,0.0014074766749266156,0.0013911602506124735
205.668,43.00554,0.002725,0.00130153,0.002628762,0.001397767,183.0,7.64e-06,0.0014006059559142892,9.1e-06,0.00138841108112142,0.0014125757956757602,0.001395987429959302
206.168,43.119640000000004,0.0027351999999999997,0.001305325,0.002637445,0.00140308,183.5,7.65e-06,0.0014051557279026643,9.1e-06,0.001393277404415933,0.0014176732376389818,0.0014008177524964488
206.668,43.23359,0.0027447,0.001309123,0.00264613,0.0014076929999999998,184.0,7.65e-06,0.0014097061104939045,9.1e-06,0.0013981522130358782,0.001422768889606129,0.001405651197904589
207.168,43.34768,0.0027543000000000003,0.001312923,0.0026548170000000003,0.001412407,184.5,7.66e-06,0.001414257194354709,9.1e-06,0.001403035493640428,0.001427862640367049,0.0014104877458643958
207.668,43.46199,0.0027636999999999996,0.001316726,0.002663504,0.001416921,185.0,7.66e-06,0.0014188090719787164,9.1e-06,0.0014079272299483865,0.0014329543787115887,0.001415327376056544
208.168,43.57652,0.0027746,0.00132053,0.002672194,0.001422936,185.5,7.67e-06,0.0014233618376865054,9.11e-06,0.0014128274026952384,0.0014380439934295961,0.0014201700681617082
208.668,43.691,0.0027841,0.001324336,0.002680885,0.001427551,186.0,7.68e-06,0.001427915587625595,9.11e-06,0.001417735989590201,0.0014431313733109193,0.0014250158018605627
209.168,43.80542,0.0027936,0.001328145,0.0026895779999999998,0.001432167,186.5,7.68e-06,0.0014324704197704434,9.11e-06,0.0014226529652732755,0.001448216407145405,0.001429864556833781
209.668,43.92001,0.0028035,0.001331956,0.0026982720000000003,0.001437184,187.0,7.69e-06,0.0014370264339224486,9.11e-06,0.001427578301272298,0.0014532989837229015,0.0014347163127620384
210.168,44.03458,0.0028131999999999996,0.0013357689999999999,0.0027069679999999997,0.001442001,187.5,7.69e-06,0.0014415837317099493,9.12e-06,0.0014325119659599913,0.001458378991833256,0.0014395710493260087
210.668,44.14926,0.0028233,0.001339584,0.002715665,0.001447219,188.0,7.699999999999999e-06,0.0014461424165882228,9.12e-06,0.0014374539245110146,0.001463456320266316,0.0014444287462063662
211.168,44.26428,0.0028326000000000002,0.0013434010000000001,0.0027243640000000004,0.0014516370000000002,188.5,7.699999999999999e-06,0.0014507025938394868,9.12e-06,0.0014424041388590172,0.0014685308578119291,0.0014492893830837853
211.668,44.379259999999995,0.0028427,0.00134722,0.0027330640000000003,0.001456856,189.0,7.71e-06,0.0014552643705728991,9.13e-06,0.0014473625676536882,0.0014736024932599434,0.0014541529396389409
212.168,44.49439,0.002852,0.0013510420000000002,0.0027417659999999996,0.001461275,189.5,7.71e-06,0.0014598278557245573,9.13e-06,0.0014523291662178078,0.0014786711154002054,0.0014590193955525059
212.668,44.60951,0.0028614,0.001354865,0.00275047,0.001465795,190.0,7.71e-06,0.0014643931600574983,9.13e-06,0.0014573038865042989,0.001483736613022564,0.0014638887305051561
213.168,44.72485,0.0028710999999999997,0.001358691,0.002759175,0.0014706160000000001,190.5,7.72e-06,0.0014689603961616994,9.14e-06,0.0014622866770532782,0.0014887988749168655,0.001468760924177565
213.668,44.84016,0.0028811999999999996,0.001362519,0.002767882,0.001475837,191.0,7.73e-06,0.0014735296784540773,9.14e-06,0.0014672774829491077,0.0014938577898729586,0.001473635956250407
214.168,44.95514,0.0028904,0.001366349,0.00277659,0.001480159,191.5,7.73e-06,0.0014781011231784888,9.15e-06,0.0014722762457774457,0.00149891324668069,0.0014785138064043566
214.668,45.07012,0.0029006,0.001370181,0.0027853,0.001485481,192.0,7.74e-06,0.0014826748484057304,9.15e-06,0.0014772829035822983,0.0015039651341299076,0.0014833944543200877
215.168,45.1851,0.0029101999999999995,0.001374015,0.002794011,0.001490204,192.5,7.74e-06,0.001487250974033539,9.15e-06,0.0014822973908230708,0.001509013341010459,0.0014882778796782752
215.668,45.30025,0.0029204,0.001377851,0.002802723,0.0014955279999999999,193.0,7.75e-06,0.0014918296217865902,9.16e-06,0.0014873196383316176,0.0015140577561121918,0.001493164062159593
216.168,45.41554,0.0029291,0.001381689,0.002811438,0.001499352,193.5,7.75e-06,0.0014964109152165,9.17e-06,0.0014923495732692962,0.0015190982682249535,0.0014980529814447156
216.668,45.53109,0.0029392,0.00138553,0.0028201529999999997,0.0015045770000000002,194.0,7.76e-06,0.0015009949797018247,9.17e-06,0.001497387119084015,0.0015241347661385917,0.0015029446172143176
217.168,45.64643,0.0029481999999999998,0.001389372,0.0028288709999999997,0.0015087020000000002,194.5,7.76e-06,0.00150558194244806,9.18e-06,0.001502432195467288,0.0015291671386429542,0.0015078389491490725
217.668,45.76187,0.0029581,0.0013932170000000002,0.002837589,0.001513728,195.0,7.76e-06,0.0015101719324876416,9.18e-06,0.0015074847183112832,0.0015341952745278882,0.0015127359569296556
218.168,45.87744,0.0029675,0.001397064,0.0028463090000000004,0.001518254,195.5,7.77e-06,0.0015147650806799447,9.19e-06,0.0015125445996658766,0.0015392190625832416,0.0015176356202367403
218.668,45.99315,0.0029765,0.001400913,0.0028550309999999996,0.001522382,196.0,7.77e-06,0.001519361519711284,9.2e-06,0.0015176117476957,0.0015442383915988615,0.0015225379187510015
219.168,46.10869,0.0029861999999999996,0.001404764,0.002863754,0.0015272089999999999,196.5,7.77e-06,0.0015239613840949155,9.2e-06,0.0015226860666371954,0.0015492531503645962,0.0015274428321531133
219.668,46.22425,0.0029955999999999997,0.001408617,0.0028724790000000003,0.001531738,197.0,7.78e-06,0.0015285648101710332,9.21e-06,0.0015277674567556656,0.0015542632276702925,0.0015323503401237502
220.168,46.340070000000004,0.003005,0.0014124720000000001,0.002881205,0.001536267,197.5,7.78e-06,0.0015331719361067727,9.22e-06,0.0015328558143023236,0.0015592685123057984,0.0015372604223435858
220.668,46.45614000000001,0.0030147,0.001416329,0.002889933,0.001541096,198.0,7.78e-06,0.0015377829018962078,9.23e-06,0.0015379510314713464,0.0015642688930609615,0.0015421730584932955
221.168,46.57223,0.0030241,0.001420188,0.002898662,0.001545626,198.5,7.79e-06,0.0015423978493603531,9.23e-06,0.0015430529963569245,0.0015692642587256291,0.001547088228253553
221.668,46.68828,0.0030335,0.00142405,0.002907392,0.0015501570000000001,199.0,7.79e-06,0.0015470169221471633,9.24e-06,0.001548161592910314,0.0015742544980896494,0.0015520059113050327
222.168,46.80447,0.0030430999999999995,0.0014279129999999998,0.0029161240000000004,0.0015548889999999998,199.5,7.79e-06,0.0015516402657315318,9.25e-06,0.0015532767008968875,0.001579239499942869,0.0015569260873284088
222.668,46.92057,0.0030523000000000004,0.001431779,0.002924858,0.001559221,200.0,7.8e-06,0.0015562680274152929,9.26e-06,0.0015583981958531851,0.0015842191530751363,0.0015618487360043553
223.168,47.03663,0.0030625,0.001435646,0.002933593,0.001564554,200.5,7.8e-06,0.0015609003563272202,9.27e-06,0.0015635259490439667,0.0015891933462762985,0.001566773837013548
223.668,47.15287,0.003072,0.001439516,0.002942329,0.001569187,201.0,7.81e-06,0.001565537403423027,9.28e-06,0.001568659827419262,0.0015941619683362026,0.0015717013700366593
224.168,47.26911,0.0030821,0.0014433879999999999,0.002951067,0.0015744210000000001,201.5,7.81e-06,0.001570179321485367,9.29e-06,0.001573799693571423,0.0015991249080446978,0.0015766313147543647
224.668,47.385690000000004,0.0030911,0.001447261,0.0029598059999999997,0.001578555,202.0,7.81e-06,0.0015748262651238336,9.3e-06,0.001578945405692174,0.0016040820541916305,0.001581563650847338
225.168,47.50262,0.0031011,0.0014511370000000001,0.002968547,0.0015836910000000001,202.5,7.82e-06,0.0015794783907749593,9.31e-06,0.001584096817529664,0.001609033295566848,0.0015864983579962533
225.668,47.61979,0.0031109,0.001455015,0.002977289,0.001588626,203.0,7.83e-06,0.0015841358567022174,9.32e-06,0.0015892537783455173,0.0016139785209601989,0.0015914354158817865
226.168,47.73682,0.0031214000000000003,0.001458895,0.002986032,0.0015942629999999998,203.5,7.83e-06,0.0015887988229960205,9.33e-06,0.0015944161328718845,0.0016189176191615297,0.0015963748041846102
226.668,47.85357,0.0031313,0.0014627770000000002,0.002994777,0.0015993000000000001,204.0,7.84e-06,0.001593467451573721,9.34e-06,0.0015995837212684945,0.0016238504789606893,0.0016013165025853986
227.168,47.97055,0.0031412,0.001466661,0.0030035229999999997,0.0016043379999999999,204.5,7.85e-06,0.0015981419061796118,9.35e-06,0.0016047563790797055,0.0016287769891475238,0.0016062604907648272
227.668,48.08735,0.003151,0.0014705470000000002,0.003012271,0.001609276,205.0,7.85e-06,0.0016028223523849242,9.37e-06,0.0016099339371915562,0.0016336970385118811,0.0016112067484035696
228.168,48.20381,0.0031609000000000003,0.001474435,0.00302102,0.001614315,205.5,7.86e-06,0.0016075089575878312,9.38e-06,0.001615116221788817,0.00163861051584361,0.0016161552551823004
228.668,48.32026,0.0031711,0.001478325,0.0030297709999999997,0.001619655,206.0,7.86e-06,0.0016122018910134438,9.39e-06,0.001620303054312041,0.0016435173099325563,0.0016211059907816937
229.168,48.43728,0.0031814,0.001482218,0.003038522,0.001625095,206.5,7.87e-06,0.0016169013237138144,9.41e-06,0.0016254942514146165,0.0016484173095685692,0.0016260589348824237
229.668,48.554520000000004,0.0031909000000000004,0.0014861120000000002,0.003047276,0.0016297360000000001,207.0,7.87e-06,0.0016216074285679343,9.42e-06,0.0016306896249198158,0.0016533104035414952,0.001631014067165165
230.168,48.67177,0.0032007,0.001490008,0.00305603,0.0016346779999999999,207.5,7.88e-06,0.0016263203802817346,9.43e-06,0.0016358889817778503,0.0016581964806411825,0.0016359713673105918
230.668,48.78929,0.0032107,0.001493907,0.003064786,0.00163982,208.0,7.88e-06,0.001631040355388087,9.45e-06,0.0016410921240229167,0.0016630754296574775,0.0016409308149993788
231.168,48.907,0.0032204,0.001497807,0.003073544,0.001644663,208.5,7.89e-06,0.0016357675322468024,9.46e-06,0.0016462988487302539,0.0016679471393802297,0.0016458923899121992
231.668,49.02478,0.0032304,0.001501709,0.0030823029999999998,0.001649807,209.0,7.89e-06,0.0016405020910446315,9.48e-06,0.001651508947973189,0.0016728114985992849,0.0016508560717297287
232.168,49.14243,0.0032399,0.001505614,0.003091063,0.0016544510000000001,209.5,7.9e-06,0.001645244213795265,9.49e-06,0.0016567222087801917,0.0016776683961044914,0.0016558218401326408
232.668,49.26011,0.0032506,0.00150952,0.003099824,0.0016602960000000001,210.0,7.91e-06,0.0016499940843393338,9.51e-06,0.001661938413091926,0.001682517720685697,0.0016607896748016102
233.168,49.37786,0.0032601999999999996,0.001513429,0.0031085870000000003,0.001665042,210.5,7.91e-06,0.001654751888344408,9.52e-06,0.0016671573377182991,0.0016873593611327496,0.0016657595554173104
233.668,49.49564,0.0032708,0.001517339,0.003117351,0.0016707879999999999,211.0,7.92e-06,0.0016595178133049975,9.54e-06,0.0016723787542955138,0.0016921932062354957,0.0016707314616604169
234.168,49.613459999999996,0.0032804,0.001521252,0.0031261170000000003,0.001675535,211.5,7.92e-06,0.0016642920485425532,9.56e-06,0.0016776024292431205,0.0016970191447837832,0.0016757053732116033
234.668,49.73157,0.0032909999999999997,0.0015251660000000001,0.003134884,0.001681282,212.0,7.93e-06,0.001669074785205464,9.57e-06,0.0016828281237210672,0.0017018370655674602,0.0016806812697515436
235.168,49.84987,0.0033013000000000005,0.0015290829999999999,0.0031436520000000003,0.00168673,212.5,7.94e-06,0.00167386621626906,9.59e-06,0.001688055593586751,0.0017066468573763744,0.001685659130960913
235.668,49.96795,0.0033115,0.001533001,0.003152422,0.001692079,213.0,7.94e-06,0.0016786665365356107,9.61e-06,0.0016932845893520708,0.0017114484090003722,0.0016906389365203853
236.168,50.08607,0.0033213,0.001536922,0.003161193,0.0016970289999999999,213.5,7.95e-06,0.0016834759426343259,9.63e-06,0.001698514856140477,0.0017162416092293018,0.0016956206661106349
236.668,50.204370000000004,0.0033315,0.001540844,0.003169965,0.001702379,214.0,7.96e-06,0.001688294633021354,9.65e-06,0.0017037461336440233,0.0017210263468530114,0.0017006042994123362
237.168,50.322759999999995,0.0033413,0.0015447689999999999,0.0031787390000000003,0.00170733,214.5,7.96e-06,0.0016931228079797847,9.67e-06,0.0017089781560804171,0.0017258025106613476,0.001705589816106163
237.668,50.44096,0.0033510999999999997,0.001548696,0.0031875140000000002,0.001712282,215.0,7.96e-06,0.0016979606696196463,9.69e-06,0.0017142106521500725,0.0017305699894441591,0.0017105771958727902
238.168,50.559059999999995,0.0033613,0.0015526239999999998,0.00319629,0.001717634,215.5,7.97e-06,0.0017028084218779081,9.71e-06,0.00171944334499316,0.001735328671991292,0.001715566418392892
238.668,50.67757,0.0033710000000000003,0.001556555,0.0032050679999999997,0.0017224870000000002,216.0,7.97e-06,0.0017076662705184783,9.73e-06,0.0017246759521466594,0.001740078447092595,0.001720557463347142
239.168,50.79643,0.0033814,0.0015604870000000002,0.003213846,0.001728041,216.5,7.98e-06,0.0017125344231322052,9.75e-06,0.0017299081855014088,0.0017448192035379156,0.001725550310416216
239.668,50.915440000000004,0.0033915,0.0015644220000000002,0.003222627,0.001733295,217.0,7.99e-06,0.0017174130891368772,9.77e-06,0.0017351397512591577,0.0017495508301171004,0.001730544939280787
240.168,51.0345,0.0034016,0.001568358,0.003231408,0.00173855,217.5,7.99e-06,0.001722302479777222,9.79e-06,0.0017403703498896175,0.0017542732156199982,0.00173554132962153
240.668,51.153420000000004,0.0034119999999999997,0.001572297,0.003240191,0.001744106,218.0,8e-06,0.001727202808124908,9.81e-06,0.001745599676087513,0.0017589862488364561,0.0017405394611191192
241.168,51.27223,0.003421,0.001576237,0.003248975,0.0017482620000000002,218.5,8e-06,0.0017321142890785422,9.83e-06,0.0017508274187296338,0.0017636898185563212,0.0017455393134542282
241.668,51.39127,0.0034318000000000005,0.00158018,0.00325776,0.001754219,219.0,8.01e-06,0.001737037139363673,9.86e-06,0.0017560532608318852,0.001768383813569442,0.0017505408663075332
242.168,51.510220000000004,0.0034411999999999997,0.001584124,0.0032665470000000003,0.0017587770000000002,219.5,8.01e-06,0.0017419715775327874,9.88e-06,0.0017612768795063397,0.0017730681226656656,0.0017555440993597062
242.668,51.62892,0.0034516,0.00158807,0.003275335,0.001764336,220.0,8.02e-06,0.001746917823965312,9.9e-06,0.0017664979459182872,0.0017777426346348394,0.0017605489922914229
243.168,51.74774,0.0034617,0.0015920189999999999,0.0032841240000000002,0.001769595,220.5,8.03e-06,0.0017518761008676143,9.93e-06,0.0017717161252432888,0.001782407238266811,0.0017655555247833563
243.668,51.8669,0.0034719,0.001595969,0.003292914,0.001774955,221.0,8.03e-06,0.001756846632273001,9.95e-06,0.0017769310766242259,0.0017870618223514282,0.0017705636765161827
244.168,51.98634000000001,0.0034816,0.001599921,0.0033017059999999997,0.001779815,221.5,8.04e-06,0.0017618296440417192,9.98e-06,0.0017821424531283517,0.0017917062756785385,0.0017755734271705753
244.668,52.1055,0.0034909999999999997,0.001603876,0.003310499,0.0017843770000000004,222.0,8.04e-06,0.001766825363860955,1e-05,0.0017873499017043433,0.0017963404870379894,0.0017805847564272082
245.168,52.22475,0.0035006,0.001607832,0.003319293,0.001789139,222.5,8.04e-06,0.0017718340212448348,1e-05,0.001792553063139352,0.0018009643452196284,0.001785597643966756
245.668,52.34426,0.0035107,0.00161179,0.0033280890000000002,0.0017944010000000004,223.0,8.05e-06,0.001776855847534425,1.01e-05,0.0017977515720160554,0.0018055777390133029,0.0017906120694698934
246.168,52.4639,0.0035204999999999998,0.00161575,0.003336885,0.001799365,223.5,8.05e-06,0.0017818910758977315,1.01e-05,0.0018029450566697087,0.0018101805572088617,0.001795628012617294
246.668,52.58373,0.0035313000000000002,0.0016197120000000001,0.003345683,0.001805329,224.0,8.06e-06,0.0017869399413297,1.01e-05,0.0018081331391451947,0.001814772688596151,0.0018006454530896327
247.168,52.70375,0.0035402999999999997,0.0016236760000000001,0.0033544829999999997,0.001809494,224.5,8.06e-06,0.0017920026806522165,1.01e-05,0.0018133154351540766,0.0018193540219650188,0.0018056643705675831
247.668,52.82422,0.0035500999999999996,0.001627642,0.003363283,0.001814459,225.0,8.06e-06,0.0017970795325141062,1.0199999999999999e-05,0.0018184915540316485,0.0018239244461053126,0.0018106847447318204
248.168,52.94454,0.0035600000000000002,0.00163161,0.003372085,0.001819525,225.5,8.07e-06,0.0018021707373911348,1.0199999999999999e-05,0.0018236610986939864,0.0018284838498068797,0.0018157065552630181
248.668,53.06489000000001,0.0035698,0.00163558,0.003380888,0.001824492,226.0,8.07e-06,0.001807276537586007,1.0199999999999999e-05,0.0018288236655950004,0.0018330321218595687,0.0018207297818418513
249.168,53.185340000000004,0.0035805,0.001639552,0.003389692,0.00183036,226.5,8.08e-06,0.0018123971772283684,1.0300000000000001e-05,0.001833978844683485,0.0018375691510532264,0.0018257544041489935
249.668,53.30569000000001,0.00359,0.001643526,0.0033984970000000003,0.001835029,227.0,8.08e-06,0.0018175329022748032,1.0300000000000001e-05,0.0018391262193601706,0.0018420948261777,0.00183078040186512
250.168,53.426,0.0035997,0.001647501,0.0034073040000000003,0.001839898,227.5,8.09e-06,0.001822683960508837,1.0300000000000001e-05,0.0018442653664347758,0.0018466090360228383,0.0018358077546709044
250.668,53.54606,0.0036088,0.001651479,0.0034161120000000002,0.001844168,228.0,8.09e-06,0.0018278506015409334,1.0300000000000001e-05,0.0018493958560830566,0.0018511116693784877,0.001840836442247021
251.168,53.66648000000001,0.0036193000000000006,0.001655459,0.00342492,0.001849838,228.5,8.1e-06,0.001833033076808497,1.04e-05,0.0018545172518038594,0.0018556026150344965,0.0018458664442741438
251.668,53.78677,0.0036286,0.00165944,0.0034337309999999998,0.001854309,229.0,8.1e-06,0.001838231639575872,1.04e-05,0.0018596291103761724,0.0018600817617807116,0.0018508977404329482
252.168,53.907090000000004,0.0036378,0.001663424,0.0034425420000000003,0.0018586820000000002,229.5,8.1e-06,0.0018434465449343423,1.04e-05,0.0018647309818161744,0.0018645489984069814,0.0018559303104041074
252.668,54.02741999999999,0.0036473,0.001667409,0.003451355,0.001863354,230.0,8.1e-06,0.0018486780498021323,1.05e-05,0.0018698224093342897,0.001869004213703153,0.0018609641338682963
253.168,54.147969999999994,0.0036571999999999998,0.0016713960000000001,0.003460168,0.0018684279999999999,230.5,8.11e-06,0.001853926412924405,1.05e-05,0.0018749029292922368,0.0018734472964590733,0.0018659991905061897
253.668,54.26879,0.0036665,0.001675385,0.0034689829999999997,0.001872902,231.0,8.11e-06,0.0018591918948732645,1.05e-05,0.0018799720711600797,0.0018778781354645909,0.0018710354599984608
254.168,54.389559999999996,0.0036765,0.0016793770000000001,0.0034778,0.0018780770000000001,231.5,8.11e-06,0.0018644747580477533,1.06e-05,0.001885029357473281,0.0018822966195095533,0.0018760729220257844
254.668,54.51067,0.0036853000000000003,0.00168337,0.003486617,0.0018820529999999999,232.0,8.11e-06,0.0018697752666738555,1.06e-05,0.001890074303789751,0.0018867026373838077,0.0018811115562688352
255.168,54.631859999999996,0.0036957,0.001687365,0.003495435,0.001887629,232.5,8.12e-06,0.0018750936868044935,1.07e-05,0.0018951064186469005,0.0018910960778772022,0.0018861513424082866
255.668,54.75318000000001,0.0037049,0.0016913610000000002,0.003504255,0.0018920060000000001,233.0,8.12e-06,0.0018804302863195304,1.07e-05,0.0019001252035186912,0.0018954768297795835,0.0018911922601248141
256.168,54.87454,0.0037154,0.00169536,0.003513076,0.001897684,233.5,8.13e-06,0.001885785334925769,1.07e-05,0.0019051301527726876,0.0018998447818807996,0.001896234289099091
256.668,54.9958,0.0037256,0.0016993610000000001,0.003521898,0.001903063,234.0,8.13e-06,0.0018911591041569512,1.0800000000000003e-05,0.0019101207536271077,0.0019041998229706982,0.0019012774090117921
257.168,55.117219999999996,0.0037359000000000003,0.0017033629999999998,0.0035307209999999997,0.001908542,234.5,8.14e-06,0.0018965518673737603,1.0800000000000003e-05,0.001915096486107875,0.001908541841839127,0.0019063215995435913
257.668,55.23866999999999,0.0037451,0.001707368,0.003539545,0.001912923,235.0,8.14e-06,0.0019019638997638177,1.0800000000000003e-05,0.0019200568230056678,0.0019128707272759332,0.0019113668403751643
258.168,55.36036,0.0037548,0.0017113739999999999,0.003548371,0.001917804,235.5,8.14e-06,0.0019073954783416858,1.09e-05,0.0019250012298329734,0.0019171863680709647,0.0019164131111871834
258.668,55.48219,0.0037650999999999995,0.0017153829999999998,0.0035571970000000002,0.001923285,236.0,8.15e-06,0.001912846881948866,1.09e-05,0.0019299291647811379,0.001921488653014069,0.0019214603916603242
259.168,55.60405,0.0037744999999999996,0.0017193929999999998,0.003566025,0.001927868,236.5,8.15e-06,0.0019183183912537998,1.1e-05,0.0019348400786774163,0.0019257774708950938,0.0019265086614752604
259.668,55.72597,0.0037844000000000003,0.001723405,0.003574854,0.001932951,237.0,8.16e-06,0.0019238102887518698,1.1e-05,0.001939733414942026,0.001930052710503886,0.0019315579003126664
260.168,55.84796,0.0037939999999999996,0.001727419,0.003583684,0.001937735,237.5,8.16e-06,0.0019293228587653963,1.1e-05,0.001944608609545196,0.0019343142606302935,0.0019366080878532174
260.668,55.969919999999995,0.0038034999999999996,0.001731435,0.003592515,0.001942419,238.0,8.16e-06,0.001934856387443641,1.11e-05,0.0019494650909642206,0.0019385620100641641,0.0019416592037775865
261.168,56.09186,0.0038143,0.0017354520000000002,0.003601347,0.001948405,238.5,8.17e-06,0.0019404111627628045,1.11e-05,0.001954302280140508,0.0019427958475953455,0.0019467112277664488
261.668,56.213680000000004,0.0038234000000000002,0.0017394720000000002,0.0036101809999999996,0.001952691,239.0,8.17e-06,0.001945987474526028,1.12e-05,0.0019591195904366324,0.001947015662013685,0.0019517641395004782
262.168,56.335609999999996,0.0038334000000000003,0.0017434929999999998,0.003619015,0.0019578779999999997,239.5,8.17e-06,0.0019515856143633918,1.12e-05,0.0019639164275933865,0.0019512213421090305,0.001956817918660349
262.668,56.45773000000001,0.003843,0.001747517,0.0036278509999999996,0.001962666,240.0,8.18e-06,0.0019572058757319167,1.13e-05,0.0019686921896868324,0.0019554127766712288,0.0019618725449267356
263.168,56.57994,0.0038528,0.001751542,0.003636688,0.001967654,240.5,8.18e-06,0.001962848553915563,1.13e-05,0.0019734462670853515,0.0019595898544901287,0.0019669279979803132
263.668,56.70228,0.0038625,0.001755569,0.003645525,0.001972544,241.0,8.18e-06,0.0019685139460252307,1.1400000000000001e-05,0.0019781780424066955,0.001963752464355576,0.0019719842575017547
264.168,56.82454,0.0038717,0.0017595979999999996,0.0036543640000000002,0.001976934,241.5,8.19e-06,0.0019742023509987596,1.1400000000000001e-05,0.0019828868904750415,0.00196790049505742,0.0019770413031717344
264.668,56.94705,0.0038811999999999996,0.0017636289999999996,0.003663204,0.001981624,242.0,8.19e-06,0.00197991406960093,1.1400000000000001e-05,0.001987572178278038,0.0019720338353855075,0.0019820991146709275
265.168,57.06983,0.0038905000000000003,0.0017676620000000001,0.003672045,0.001986116,242.5,8.19e-06,0.0019856494044234617,1.15e-05,0.001992233264923861,0.001976152374129686,0.0019871576716800083
265.668,57.19251,0.0038999000000000004,0.0017716960000000001,0.0036808879999999998,0.001990708,243.0,8.19e-06,0.0019914086598850135,1.15e-05,0.00199686950159826,0.001980256000079804,0.0019922169538796513
266.168,57.31521,0.0039092,0.0017757329999999996,0.003689731,0.001995202,243.5,8.19e-06,0.0019971921422311852,1.1599999999999999e-05,0.002001480231521615,0.001984344602025708,0.00199727694095053
266.668,57.43813000000001,0.0039184,0.001779771,0.003698575,0.001999595,244.0,8.2e-06,0.002003000159534516,1.1599999999999999e-05,0.0020060647899059845,0.001988418068757245,0.0020023376125733183
267.168,57.56091,0.0039289,0.0017838110000000004,0.003707421,0.00200529,244.5,8.2e-06,0.002008833021694484,1.17e-05,0.002010622503912155,0.0019924762890642647,0.002007398948428692
267.668,57.68355,0.0039378,0.0017878529999999996,0.003716267,0.002009386,245.0,8.2e-06,0.002014691040437509,1.17e-05,0.0020151526926066978,0.001996519151736613,0.0020124609281973248
268.168,57.806059999999995,0.0039478000000000004,0.0017918970000000004,0.003725115,0.002014582,245.5,8.21e-06,0.00202057452931695,1.18e-05,0.0020196546669190144,0.002000546545564138,0.0020175235315598905
268.668,57.928819999999995,0.0039576,0.001795942,0.003733964,0.002019579,246.0,8.21e-06,0.0020264838037131042,1.18e-05,0.002024127729598392,0.002004558359336687,0.002022586738197064
269.168,58.051719999999996,0.0039682,0.00179999,0.0037428129999999998,0.002025377,246.5,8.22e-06,0.0020324191808332105,1.1900000000000001e-05,0.0020285711751710516,0.0020085544818441077,0.0020276505277895198
269.668,58.17484,0.0039773000000000005,0.001804039,0.003751664,0.002029675,247.0,8.22e-06,0.0020383809797114476,1.2e-05,0.0020329842898972024,0.0020125348018762475,0.0020327148800179315
270.168,58.29825,0.0039871,0.001808091,0.0037605159999999998,0.002034675,247.5,8.22e-06,0.0020443695212089335,1.2e-05,0.0020373663517280908,0.002016499208222955,0.0020377797745629736
270.668,58.42199,0.0039972,0.001812144,0.0037693690000000003,0.002039975,248.0,8.23e-06,0.002050385128013725,1.21e-05,0.002041716630263051,0.0020204475896740764,0.0020428451911053205
271.168,58.54584000000001,0.0040072,0.001816199,0.003778223,0.002045176,248.5,8.23e-06,0.00205642812464082,1.21e-05,0.0020460343867065587,0.00202437983501946,0.002047911109325647
271.668,58.66952,0.0040173000000000006,0.001820255,0.0037870779999999997,0.0020504779999999997,249.0,8.23e-06,0.0020624988374321565,1.22e-05,0.002050318873825282,0.0020282958330489534,0.002052977508904627
272.168,58.79331,0.004027,0.0018243139999999998,0.0037959340000000004,0.00205538,249.5,8.24e-06,0.0020685975945566116,1.22e-05,0.0020545693359051305,0.002032195472552404,0.002058044369522934
272.668,58.917030000000004,0.0040379,0.001828374,0.0038047909999999996,0.002061483,250.0,8.25e-06,0.002074724726010002,1.23e-05,0.002058785008708309,0.0020360786423196595,0.0020631116708612436
273.168,59.04095,0.0040467,0.0018324370000000001,0.003813649,0.002065488,250.5,8.25e-06,0.002080880563615086,1.23e-05,0.002062965119430367,0.0020399452311405672,0.00206817939260023
273.668,59.164680000000004,0.0040569000000000004,0.0018365010000000001,0.003822508,0.002070892,251.0,8.25e-06,0.0020870654410215586,1.24e-05,0.002067108886657251,0.0020437951278049747,0.002073247514420567
274.168,59.288669999999996,0.0040666,0.001840566,0.003831368,0.002075798,251.5,8.25e-06,0.0020932796937060574,1.25e-05,0.002071215520322354,0.00204762822110273,0.002078316016002929
274.668,59.41278000000001,0.0040769,0.001844634,0.003840229,0.002081305,252.0,8.26e-06,0.0020995236589721592,1.25e-05,0.0020752842216635718,0.00205144439982368,0.00208338487702799
275.168,59.53691,0.0040872,0.0018487039999999998,0.003849092,0.002086812,252.5,8.26e-06,0.00210579767595038,1.26e-05,0.0020793141831803464,0.0020552435527576734,0.002088454077176425
275.668,59.66114,0.0040971,0.001852775,0.003857955,0.00209192,253.0,8.27e-06,0.002112102085598176,1.26e-05,0.0020833045885907246,0.002059025568694556,0.002093523596128908
276.168,59.78544,0.0041066,0.001856848,0.003866819,0.002096629,253.5,8.27e-06,0.0021184372306999426,1.27e-05,0.0020872546127884044,0.0020627903364241773,0.0020985934135661134
276.668,59.90996,0.004116399999999999,0.0018609229999999998,0.0038756840000000003,0.0021016389999999998,254.0,8.27e-06,0.002124803455867016,1.28e-05,0.0020911634217997887,0.0020665377447363835,0.002103663509168715
277.168,60.034769999999995,0.0041270000000000005,0.001865,0.00388455,0.00210745,254.5,8.28e-06,0.0021312011075376724,1.28e-05,0.0020950301727410366,0.0020702676824210222,0.0021087338626173883
277.668,60.15945,0.004136600000000001,0.001869078,0.003893418,0.0021122610000000003,255.0,8.28e-06,0.0021376305339771266,1.29e-05,0.0020988540137751124,0.0020739800382679418,0.0021138044535928065
278.168,60.284319999999994,0.004146199999999999,0.001873159,0.0039022859999999996,0.0021170729999999997,255.5,8.29e-06,0.002144092085277534,1.3000000000000001e-05,0.0021026340840688395,0.00207767470106699,0.002118875261775644
278.668,60.40923000000001,0.0041562,0.001877241,0.003911155,0.002122286,256.0,8.29e-06,0.00215058611335799,1.3000000000000001e-05,0.002106369513749951,0.0020813515596080135,0.002123946266846575
279.168,60.53423000000001,0.0041652,0.001881325,0.003920025,0.0021265,256.5,8.29e-06,0.002157112971964529,1.31e-05,0.002110059423864139,0.0020850105026808605,0.002129017448486275
279.668,60.65893000000001,0.004176600000000001,0.001885411,0.003928895999999999,0.002133115,257.0,8.3e-06,0.0021636730166701263,1.32e-05,0.0021137029263321085,0.002088651419075378,0.002134088786375417
