,Temp./Â°C,Time/min,dL/Lo,Certificate,Standard,Corrected,delT,EngAlpha,Fitted,Alpha
0,22.668,0.0,2.457e-05,7.969477097081318e-05,-0.00039932860398739917,0.0005035933749582124,0.0,inf,0.0004179112351790445,-9.361577932521935e-06
0,23.168,4.62543,4.4171e-05,8.251323237811782e-05,-0.00039158980558704447,0.0005182740379651623,0.5,0.0010365480759303245,0.00041327570218494805,-9.18074731729103e-06
0,23.668,4.97074,3.3875e-05,8.533491677837658e-05,-0.00038384731952712144,0.0005030572363054981,1.0,0.0005030572363054981,0.0004087302948928163,-9.001074515683352e-06
0,24.168,5.22375,2.4334e-05,8.815982092115742e-05,-0.00037610115258357446,0.0004885949735047319,1.5,0.0003257299823364879,0.00040427443530930763,-8.822555873818697e-06
0,24.668,5.43234,1.5547e-05,9.098794155785496e-05,-0.000368351311526521,0.00047488625308437593,2.0,0.00023744312654218797,0.0003999075472680205,-8.645187737816859e-06
0,25.168,5.61312,7.4601e-06,9.381927544168528e-05,-0.00036059780312023594,0.0004618771785619212,2.5,0.00018475087142476846,0.00039562905642949377,-8.468966453797644e-06
0,25.668,5.77394,-3.3616e-08,9.665381932769373e-05,-0.0003528406341231742,0.0004494608374508679,3.0,0.0001498202791502893,0.0003914383902812058,-8.293888367880842e-06
0,26.168,5.92247,-6.4992e-06,9.949156997274018e-05,-0.0003450798112879499,0.00043807218126069007,3.5,0.00012516348036019717,0.00038733497813757585,-8.119949826186264e-06
0,26.668,6.061,-1.214e-05,0.00010233252413551722,-0.00033731534136135534,0.00042750786549687256,4.0,0.00010687696637421814,0.00038331825113996246,-7.947147174833698e-06
0,27.168,6.19202,-1.7847e-05,0.000105176678576532,-0.00032954723108434385,0.00041687690966087587,4.5,9.263931325797241e-05,0.00037938764225666497,-7.775476759942949e-06
0,27.668,6.31714,-2.3527e-05,0.00010802403005812176,-0.0003217754871920383,0.0004062725172501601,5.0,8.125450345003202e-05,0.0003755425862829226,-7.604934927633809e-06
0,28.168,6.43769,-2.7984e-05,0.00011087457534444609,-0.0003140001164137346,0.0003968906917581807,5.5,7.216194395603285e-05,0.00037178251984091443,-7.435518024026086e-06
0,28.668,6.55401,-3.2414e-05,0.0001137283112014869,-0.0003062211254728914,0.00038753543667437824,6.0,6.458923944572971e-05,0.00036810688137975964,-7.267222395239567e-06
0,29.168,6.66725,-3.5845e-05,0.00011658523439705016,-0.0002984385210871403,0.00037917875548419043,6.5,5.833519315141391e-05,0.00036451511117551805,-7.100044387394059e-06
0,29.668,6.77788,-3.9766e-05,0.00011944534170076331,-0.00029065230996828083,0.00037033165166904414,7.0,5.2904521667006305e-05,0.0003610066513311887,-6.933980346609352e-06
0,30.168,6.88622,-4.1913e-05,0.00012230862988408132,-0.00028286249882227693,0.00036325812870635827,7.5,4.843441716084777e-05,0.00035758094577671186,-6.769026619005254e-06
0,30.668,6.9926,-4.482e-05,0.0001251750957202806,-0.00027506909434926903,0.00035542419006954964,8.0,4.4428023758693704e-05,0.00035423744026896666,-6.605179550701562e-06
0,31.168,7.09757,-4.6789e-05,0.00012804473598446078,-0.0002672721032435585,0.0003485278392280193,8.5,4.1003275203296384e-05,0.0003509755823917736,-6.442435487818072e-06
0,31.668,7.20113,-4.9147e-05,0.0001309175474535438,-0.000259471532193618,0.00034124207964716176,9.0,3.791578662746242e-05,0.000347794821555892,-6.2807907764745795e-06
0,32.168,7.30358,-5.1726e-05,0.00013379352690627566,-0.00025166738788208985,0.00033373491478836553,9.5,3.5129991030354265e-05,0.0003446946089990224,-6.120241762790891e-06
0,32.668,7.40516,-5.2441e-05,0.00013667267112323165,-0.0002438596769857842,0.00032809134810901587,10.0,3.280913481090159e-05,0.00034167439778580455,-5.960784792886798e-06
0,33.168,7.50609,-5.3054e-05,0.00013955497688680069,-0.00023604840617568075,0.00032254938306248147,10.5,3.0718988863093474e-05,0.00033873364280781893,-5.8024162128821015e-06
0,33.668,7.60651,-5.3445e-05,0.00014244044098120443,-0.0002282335821169254,0.00031722902309812984,11.0,2.8839002099829983e-05,0.000335871800783586,-5.645132368896596e-06
0,34.168,7.70674,-5.3698e-05,0.00014532906019247994,-0.00022041521146883535,0.00031204627166131526,11.5,2.713445840533176e-05,0.0003330883302585659,-5.488929607050084e-06
0,34.668,7.80672,-5.3766e-05,0.00014822083130849525,-0.00021259330088489042,0.00030704813219338566,12.0,2.5587344349448804e-05,0.0003303826916051595,-5.333804273462365e-06
0,35.168,7.9067,-5.2764e-05,0.00015111575111893642,-0.00020476785701275223,0.00030311960813168864,12.5,2.424956865053509e-05,0.0003277543470227071,-5.1797527142532325e-06
0,35.668,8.00682,-5.1996e-05,0.00015401381641531701,-0.0001969388864942346,0.0002989567029095516,13.0,2.2996669454580893e-05,0.0003252027605374898,-5.026771275542492e-06
0,36.168,8.10715,-5.1435e-05,0.00015691502399097033,-0.00018910639596533135,0.00029458641995630167,13.5,2.1821216293059384e-05,0.0003227273980027282,-4.874856303449937e-06
0,36.668,8.20722,-4.9257e-05,0.0001598193706410546,-0.00018127039205620074,0.0002918327626972553,14.0,2.0845197335518234e-05,0.0003203277270985835,-4.724004144095368e-06
0,37.168,8.30725,-4.723e-05,0.00016272685316255468,-0.00017343088139117058,0.00028892773455372527,14.5,1.9926050658877604e-05,0.0003180032173321566,-4.5742111435985775e-06
0,37.668,8.40727,-4.5807e-05,0.0001656374683542735,-0.00016558787058873307,0.00028541833894300654,15.0,1.90278892628671e-05,0.0003157533400374886,-4.425473648079375e-06
0,38.168,8.50722,-4.3443e-05,0.0001685512130168423,-0.0001577413662615587,0.000282849579278401,15.5,1.8248359953445226e-05,0.0003135775683755609,-4.277788003657555e-06
0,38.668,8.60715,-4.1108e-05,0.0001714680839527121,-0.00014989137501647543,0.00028025145896918755,16.0,1.7515716185574222e-05,0.00031147537733429485,-4.131150556452913e-06
0,39.168,8.70705,-3.888e-05,0.00017438807796616145,-0.0001420379034544894,0.00027754598142065083,16.5,1.6820968570948534e-05,0.0003094462437285519,-3.985557652585245e-06
0,39.668,8.80685,-3.5677e-05,0.00017731119186328772,-0.0001341809581707678,0.0002758151500340555,17.0,1.622442059023856e-05,0.00030748964620013353,-3.841005638174355e-06
0,40.168,8.90673,-3.2793e-05,0.0001802374224520167,-0.00012632054575464902,0.0002737649682066657,17.5,1.5643712468952324e-05,0.0003056050652177814,-3.6974908593400403e-06
0,40.668,9.00657,-3.016e-05,0.00018316676654209305,-0.00011845667278964113,0.0002714634393317342,18.0,1.5081302185096343e-05,0.00030379198307717737,-3.5550096622021e-06
0,41.168,9.10647,-2.6367e-05,0.00018609922094508895,-0.00011058934585342177,0.0002703215667985107,18.5,1.4611976583703282e-05,0.0003020498839009433,-3.413558392880331e-06
0,41.668,9.20612,-2.2601e-05,0.00018903478247439542,-0.0001027185715178347,0.0002691523539922301,19.0,1.416591336801211e-05,0.00030037825363864114,-3.2731333974945317e-06
0,42.168,9.30592,-1.8969e-05,0.0001919734479452354,-9.484435634889155e-05,0.00026784880429412696,19.5,1.3735836117647537e-05,0.0002987765800667729,-3.133731022164501e-06
0,42.668,9.40545,-1.5325e-05,0.00019491521417464453,-8.696670690677526e-05,0.0002665569210814198,20.0,1.3327846054070989e-05,0.0002972443527887807,-2.9953476130100362e-06
0,43.168,9.50479,-1.1595e-05,0.00019786007798148954,-7.908562974583665e-05,0.0002653507077273262,20.5,1.2943936962308595e-05,0.0002957810632350469,-2.857979516150934e-06
0,43.668,9.60399,-7.3888e-06,0.00020080803618645858,-7.120113141459092e-05,0.0002646203676010495,21.0,1.2600969885764263e-05,0.00029438620466289383,-2.721623077707e-06
0,44.168,9.70337,-3.4635e-06,0.00020375908561206385,-6.331321845573154e-05,0.0002636088040677954,21.5,1.2260874607804436e-05,0.0002930592721565841,-2.5862746437980284e-06
0,44.668,9.80245,8.3045e-07,0.00020671322308263816,-5.542189740611117e-05,0.0002629655704887493,22.0,1.1952980476761333e-05,0.00029179976262732016,-2.451930560543819e-06
0,45.168,9.90161,4.9367e-06,0.00020967044542434185,-4.752717479675379e-05,0.00026213432022109565,22.5,1.1650414232048695e-05,0.0002906071748132445,-2.3185871740641606e-06
0,45.668,10.00029,9.0833e-06,0.0002126307494651567,-3.962905715285299e-05,0.0002613431066180097,23.0,1.1362743766000422e-05,0.00028948100927944013,-2.186240830478868e-06
0,46.168,10.09893,1.3428e-05,0.00021559413203488947,-3.17275509937702e-05,0.0002607496830286597,23.5,1.1095731192708923e-05,0.00028842076841792993,-2.054887875907732e-06
0,46.668,10.19726,1.801e-05,0.00021856058996516832,-2.3822662833039923e-05,0.00026039325279820824,24.0,1.084971886659201e-05,0.0002874259564476767,-1.92452465647055e-06
0,47.168,10.2951,2.2685e-05,0.00022153012008944463,-1.591439917835412e-05,0.00026012951926779874,24.5,1.0617531398685663e-05,0.00028649607941458376,-1.795147518287122e-06
0,47.668,10.39249,2.7116e-05,0.0002245027192429973,-8.002766531584743e-06,0.00025962148577458205,25.0,1.0384859430983281e-05,0.00028563064519149413,-1.666752807477245e-06
0,48.168,10.48953,3.14e-05,0.00022747838426292414,-8.777138876814305e-08,0.0002589661556516923,25.5,1.015553551575264e-05,0.00028482916347819095,-1.5393368701607202e-06
0,48.668,10.58634,3.6382e-05,0.00023045711198814954,7.830579759891473e-06,0.00025900853222825807,26.0,9.961866624163772e-06,0.00028409114580139774,-1.4128960524573403e-06
0,49.168,10.6829,4.1282e-05,0.00023343889925942028,1.5752280430023774e-05,0.0002589686188293965,26.5,9.772400710543264e-06,0.0002834161055147781,-1.2874267004869097e-06
0,49.668,10.77912,4.6419e-05,0.0002364237429193063,2.3677324143081893e-05,0.0002591654187762244,27.0,9.598719213934238e-06,0.0002828035577989354,-1.162925160369226e-06
0,50.168,10.87519,5.1283e-05,0.00023941163981220162,3.1605704426361514e-05,0.0002590889353858401,27.5,9.421415832212368e-06,0.00028225301966141334,-1.0393877782240869e-06
0,50.668,10.97117,5.6325e-05,0.00024240258678432172,3.953741481298005e-05,0.00025919017197134164,28.0,9.256791856119344e-06,0.0002817640099366959,-9.1681090017129e-07
0,51.168,11.0671,6.1022e-05,0.00024539658068371134,4.7472448841888795e-05,0.00025894613184182253,28.5,9.08582918743237e-06,0.0002813360492862068,-7.951908723306278e-07
0,51.668,11.16257,6.6213e-05,0.0002483936183602341,5.541080005787291e-05,0.00025919581830236113,29.0,8.937786838012452e-06,0.00028096866019831,-6.745240408219134e-07
0,52.168,11.2578,7.0806e-05,0.000251393696665575,6.335246201154797e-05,0.000258847234654027,29.5,8.774482530644982e-06,0.0002806613669883095,-5.548067517649358e-07
0,52.668,11.35266,7.5961e-05,0.0002543968124532484,7.129742825936168e-05,0.0002590603841938867,30.0,8.635346139796223e-06,0.00028041369579844986,-4.3603535127949435e-07
0,53.168,11.44721,8.143e-05,0.0002574029625785875,7.924569236359043e-05,0.00025958727021499706,30.5,8.511058039835969e-06,0.00028022517459791495,-3.182061854853834e-07
0,53.668,11.54129,8.6532e-05,0.00026041214389875295,8.719724789234447e-05,0.0002597468960064085,31.0,8.378932129238984e-06,0.00028009533318282915,-2.0131560050241074e-07
0,54.168,11.63539,9.1818e-05,0.0002634243532727261,9.515208841956446e-05,0.0002600902648531617,31.5,8.256833804862276e-06,0.00028002370317625725,-8.535994245037061e-08
0,54.668,11.72922,9.7212e-05,0.0002664395875613115,0.00010311020752502495,0.00026054138003628655,32.0,8.141918126133955e-06,0.00028000981802820367,2.9664442550939328e-08
0,55.168,11.82283,0.00010286,0.0002694578436271376,0.0001110715987943274,0.0002612462448328102,32.5,8.038345994855698e-06,0.00028005321301561323,1.4376120838171974e-07
0,55.668,11.91621,0.00010771,0.0002724791183346606,0.00011903625581890717,0.00026115286251575344,33.0,7.913723106537983e-06,0.0002801534252423704,2.5693400892217297e-07
0,56.168,12.00951,0.00011351,0.0002755034085501519,0.00012700417219602828,0.0002620092363541236,33.5,7.821171234451452e-06,0.00028030999363930025,3.6918649805249967e-07
0,56.668,12.10268,0.00011892,0.00027853071114171575,0.00013497534152879555,0.0002624753696129202,34.0,7.719863812144711e-06,0.00028052245896416784,4.805223296529022e-07
0,57.168,12.19577,0.00012421,0.0002815610229792752,0.00014294975742613382,0.00026282126555314143,34.5,7.618007697192505e-06,0.0002807903638016783,5.909451576035829e-07
0,57.668,12.28862,0.0001299,0.00028459434093457223,0.00015092741350280527,0.000263566927431767,35.0,7.530483640907628e-06,0.0002811132525634766,7.004586357847408e-07
0,58.168,12.38129,0.00013591,0.00028763066188118146,0.00015890830337940073,0.0002646323585017807,35.5,7.454432633852978e-06,0.0002814906714881481,8.090664180765798e-07
0,58.668,12.47375,0.00014189,0.00029066998269449557,0.00016689242068234668,0.00026566756201214887,36.0,7.3796545003374685e-06,0.0002819221686412183,9.16772158359299e-07
0,59.168,12.56622,0.00014794,0.000293712300251733,0.00017487975904389476,0.00026677254120783823,36.5,7.308836745420226e-06,0.00028240729391515256,1.0235795105131057e-06
0,59.668,12.65869,0.00015299,0.0002967576114319328,0.00018287031210213398,0.0002668772993297988,37.0,7.212899981886454e-06,0.00028294559902935655,1.1294921284181922e-06
0,60.168,12.75108,0.00015879,0.00029980591311595806,0.000190864073500982,0.00026773183961497607,37.5,7.139515723066028e-06,0.00028353663753017603,1.2345136659547676e-06
0,60.668,12.8433,0.00016494,0.0003028572021865012,0.00019886103689018865,0.00026893616529631255,38.0,7.077267507797699e-06,0.00028417996479089666,1.3386477770030275e-06
0,61.168,12.93554,0.0001708,0.00030591147552807077,0.00020686119592533414,0.00026985027960273666,38.5,7.0090981714996535e-06,0.00028487513801174437,1.441898115443181e-06
0,61.668,13.0278,0.00017659,0.00030896873002700127,0.00021486454426783083,0.00027069418575917045,39.0,6.940876557927447e-06,0.00028562171621988517,1.5442683351554219e-06
0,62.168,13.12014,0.00018313,0.000312028962571452,0.00022287107558492496,0.00027228788698652705,39.5,6.893364227507014e-06,0.00028641926026942515,1.6457620900199551e-06
0,62.668,13.21234,0.00018952,0.00031509217005140557,0.00023088078354968622,0.00027373138650171934,40.0,6.8432846625429835e-06,0.0002872673328414105,1.7463830339169823e-06
0,63.168,13.30438,0.00019583,0.00031815834935866767,0.00023889366184102513,0.00027509468751764257,40.5,6.792461420188705e-06,0.0002881654984438276,1.8461348207267048e-06
0,63.668,13.39645,0.00020226,0.0003212274973868664,0.00024690970414367915,0.00027657779324318725,41.0,6.745799835199689e-06,0.00028911332341160264,1.9450211043293234e-06
0,64.168,13.48851,0.00020865,0.0003242996110314556,0.0002549289041482161,0.00027802070688323947,41.50000000000001,6.699294141764806e-06,0.0002901103759066025,2.043045538605041e-06
0,64.668,13.5805,0.00021506,0.0003273746871897097,0.0002629512555510395,0.0002794834316386702,42.00000000000001,6.654367419968337e-06,0.00029115622591763333,2.1402117774340605e-06
0,65.168,13.67266,0.00022166,0.00033045272276072905,0.00027097675205437974,0.00028113597070634935,42.50000000000001,6.614964016619983e-06,0.0002922504452604422,2.2365234746965795e-06
0,65.668,13.76481,0.00022831,0.000333533714645437,0.0002790053873662976,0.00028283832727913944,43.00000000000001,6.57763551811952e-06,0.00029339260757771553,2.3319842842728005e-06
0,66.168,13.85703,0.00023496,0.00033661765974658114,0.0002870371552006947,0.0002845405045458864,43.50000000000001,6.541161024043365e-06,0.0002945822883390805,2.426597860042926e-06
0,66.668,13.94958,0.00024234,0.0003397045549687304,0.0002950720492772927,0.00028697250569143765,44.00000000000001,6.522102402078128e-06,0.0002958190648411042,2.5203678558871573e-06
0,67.168,14.04224,0.00024913,0.00034279439721827953,0.00030311006332165054,0.00028881433389662896,44.50000000000001,6.490209750486043e-06,0.0002971025162072934,2.613297925685696e-06
0,67.668,14.13487,0.00025543,0.0003458871834034448,0.0003111511910651593,0.00029016599233828554,45.00000000000001,6.448133163073011e-06,0.0002984322233880956,2.7053917233187445e-06
0,68.168,14.22782,0.00026237,0.00034898291043426906,0.0003191954262450388,0.0002921574841892303,45.50000000000001,6.421043608554511e-06,0.000299807769160898,2.796652902666505e-06
0,68.668,14.3211,0.00026909,0.0003520815752226141,0.0003272427626043392,0.0002939288126182749,46.00000000000001,6.389756796049454e-06,0.000301228738130028,2.887085117609175e-06
0,69.168,14.41451,0.00027641,0.00035518317468216827,0.0003352931938919463,0.0002962999807902219,46.50000000000001,6.37204259763918e-06,0.000302694716726753,2.9766920220269584e-06
0,69.668,14.50806,0.0002834,0.00035828770572844323,0.00034334671386257454,0.00029834099186586875,47.00000000000001,6.347680677997206e-06,0.00030420529320928074,3.0654772698000566e-06
0,70.168,14.60163,0.0002905,0.0003613951652787755,0.00035140331627677053,0.00030049184900200494,47.50000000000001,6.326144189515893e-06,0.000305760057662759,3.153444514808672e-06
0,70.668,14.6951,0.00029761,0.0003645055502523231,0.0003594629949009113,0.0003026525553514118,48.00000000000001,6.305261569821078e-06,0.0003073586019992754,3.2405974109330047e-06
0,71.168,14.78868,0.00030471,0.0003676188575700654,0.00036752574350720595,0.0003048031140628594,48.50000000000001,6.284600289955863e-06,0.00030900051995785794,3.3269396120532576e-06
0,71.668,14.8822,0.00031223,0.0003707350841548095,0.00037559155587369754,0.0003073735282811119,49.00000000000001,6.272929148594119e-06,0.0003106854071044746,3.4124747720496314e-06
0,72.168,14.97565,0.00031911,0.00037385422693118637,0.00038366042578425776,0.00030930380114692867,49.50000000000001,6.248561639331891e-06,0.00031241286083203367,3.49720654480233e-06
0,72.668,15.06903,0.00032637,0.0003769762828256468,0.0003917323470285852,0.00031161393579706156,50.00000000000001,6.23227871594123e-06,0.00031418248036038307,3.5811385841915503e-06
0,73.168,15.16248,0.00033429,0.00038010124876646737,0.00039980731340222113,0.00031458393536424624,50.50000000000001,6.229384858697945e-06,0.0003159938667363113,3.6642745440974967e-06
0,73.668,15.25605,0.00034134,0.0003832291216837461,0.0004078853187065284,0.0003166838029772177,51.00000000000001,6.209486332886621e-06,0.0003178466228335468,3.746618078400369e-06
0,74.168,15.34981,0.00034845,0.00038635989850940595,0.0004159663567487072,0.00031884354176069866,51.50000000000001,6.191136733217449e-06,0.00031974035335275786,3.828172840980372e-06
0,74.668,15.44379,0.00035617,0.0003894935761771974,0.0004240504213417831,0.00032161315483541435,52.00000000000001,6.184868362219506e-06,0.00032167466482155326,3.908942485717703e-06
0,75.168,15.53792,0.00036371,0.00039263015162268634,0.00043213750630462233,0.00032420264531806396,52.50000000000001,6.175288482248837e-06,0.0003236491655944818,3.988930666492567e-06
0,75.668,15.63228,0.00037145,0.00039576962178326965,0.0004402276054619094,0.0003269920163213602,53.00000000000001,6.169660685308682e-06,0.00032566346585303216,4.068141037185164e-06
0,76.168,15.72686,0.00037944,0.0003989119835981622,0.0004483207126441766,0.00033003127095398554,53.50000000000001,6.168808802878234e-06,0.00032771717760563326,4.146577251675698e-06
0,76.668,15.82138,0.0003868,0.00040205723400840634,0.00045641682168777106,0.00033244041232063535,54.00000000000001,6.156303931863617e-06,0.0003298099146876542,4.224242963844366e-06
0,77.168,15.91588,0.00039476,0.000405205369956866,0.0004645159264348841,0.000335449443521982,54.50000000000001,6.155035660953797e-06,0.0003319412927614041,4.301141827571372e-06
0,77.668,16.01043,0.00040256,0.00040835638838822817,0.0004726180207335305,0.0003382983676546976,55.00000000000001,6.150879411903592e-06,0.00033411092931613206,4.377277496736915e-06
0,78.168,16.10494,0.00041,0.0004115102862490049,0.0004807230984375608,0.0003407871878114441,55.50000000000001,6.140309690296289e-06,0.0003363184436680274,4.452653625221201e-06
0,78.668,16.19969,0.00041835,0.0004146670604875313,0.0004888311534066558,0.0003441859070808756,56.00000000000001,6.1461769121584915e-06,0.0003385634569602197,4.527273866904431e-06
0,79.168,16.29445,0.00042571,0.00041782670805396577,0.0004969421795063284,0.0003465945285476373,56.50000000000001,6.134416434471455e-06,0.00034084559216277844,4.6011418756668015e-06
0,79.668,16.38919,0.00043356,0.0004209892259002899,0.0005050561706079187,0.00034949305529237114,57.00000000000001,6.131457110392475e-06,0.000343164474072713,4.67426130538852e-06
0,80.168,16.48392,0.00044083,0.0004241546109803084,0.0005131731205886038,0.0003518114903917046,57.50000000000001,6.118460702464427e-06,0.00034551972931397355,4.746635809949786e-06
0,80.668,16.5788,0.00044868,0.00042732286024965097,0.0005212930233313914,0.00035470983691825956,58.00000000000001,6.115686843418268e-06,0.00034791098633744943,4.818269043230798e-06
0,81.168,16.67397,0.0004566,0.0004304939706657705,0.0005294158727251162,0.00035767809794065423,58.50000000000001,6.114155520353063e-06,0.000350337875420971,4.889164659111761e-06
0,81.668,16.76926,0.00046491,0.00043366793918794225,0.0005375416626644501,0.00036103627652349216,59.00000000000001,6.119258924126985e-06,0.00035280002866930793,4.959326311472875e-06
0,82.168,16.86482,0.00047193,0.00043684476277726716,0.0005456703870498902,0.0003631043757273769,59.50000000000001,6.102594550039947e-06,0.0003552970800141705,5.028757654194342e-06
0,82.668,16.96029,0.00048029,0.00044002443839666686,0.0005538020397877711,0.0003665123986088957,60.00000000000001,6.108539976814928e-06,0.00035782866521420905,5.097462341156364e-06
0,83.168,17.05589,0.0004881,0.0004432069630108887,0.0005619366147902576,0.0003693703482206311,60.50000000000001,6.105295011911257e-06,0.0003603944218550137,5.165444026239142e-06
0,83.668,17.15175,0.00049578,0.0004463923335865016,0.0005700741059753399,0.00037209822761116176,61.00000000000001,6.099970944445274e-06,0.00036299398934911504,5.2327063633228765e-06
0,84.168,17.2479,0.00050405,0.00044958054709190107,0.0005782145072668488,0.00037541603982505227,61.50000000000001,6.104325850813858e-06,0.00036562700893598345,5.299253006287773e-06
0,84.668,17.34407,0.00051183,0.0004527716004973032,0.0005863578125944388,0.0003782437879028644,62.00000000000001,6.100706256497812e-06,0.0003682931236820297,5.365087609014028e-06
0,85.168,17.44019,0.00051959,0.0004559654907747481,0.0005945040158935998,0.0003810514748811483,62.50000000000001,6.096823598098372e-06,0.00037099197848060447,5.430213825381845e-06
0,85.668,17.53636,0.00052776,0.000459162214898101,0.0006026531111056523,0.0003842691037924486,63.00000000000001,6.09950958400712e-06,0.0003737232200519984,5.494635309271425e-06
0,86.168,17.63258,0.00053587,0.0004623617698430501,0.0006108050921777505,0.0003874266776652995,63.50000000000001,6.10120752228818e-06,0.00037648649694344276,5.55835571456297e-06
0,86.668,17.72907,0.00054407,0.00046556415258710605,0.0006189599530628739,0.00039067419952423213,64.0,6.104284367566127e-06,0.0003792814595291084,5.621378695136683e-06
0,87.168,17.82567,0.00055211,0.00046876936010960355,0.0006271176877198394,0.00039376167238976416,64.5,6.104832130073863e-06,0.0003821077600101065,5.6837079048727635e-06
0,87.668,17.92233,0.00055978,0.00047197738939170047,0.0006352782901132923,0.0003964790992784081,65.0,6.0996784504370484e-06,0.00038496505241448825,5.745346997651413e-06
0,88.168,18.01906,0.00056784,0.0004751882374163796,0.0006434417542137121,0.0003995864832026675,65.5,6.100556995460573e-06,0.0003878529925972451,5.806299627352836e-06
0,88.668,18.11576,0.00057583,0.00047840190116844525,0.0006516080739974069,0.00040262382717103844,66.0,6.100361017743007e-06,0.0003907712382403084,5.866569447857231e-06
0,89.168,18.2126,0.00058409,0.0004816183776345283,0.0006597772434465132,0.0004059311341880151,66.5,6.104227581774663e-06,0.0003937194488525496,5.9261601130447985e-06
0,89.668,18.30973,0.00059221,0.0004848376638030803,0.0006679492565490087,0.0004090984072540717,67.0,6.105946376926443e-06,0.00039669728576978034,5.985075276795744e-06
0,90.168,18.40688,0.00060041,0.00048805975666437514,0.0006761241072986961,0.000412345649365679,67.5,6.108824435047096e-06,0.00039970441215475257,6.0433185929902644e-06
0,90.668,18.50415,0.00060876,0.0004912846532105141,0.0006843017896952051,0.00041574286351530893,68.0,6.113865639931013e-06,0.0004027404929971579,6.100893715508565e-06
0,91.168,18.60162,0.00061684,0.000494512350435421,0.000692482297744006,0.00041887005269141504,68.5,6.114891280166643e-06,0.00040580519511362835,6.157804298230845e-06
0,91.668,18.69925,0.00062465,0.0004977428453348419,0.0007006656254563964,0.0004217272198784455,69.0,6.111988693890515e-06,0.0004088981871477361,6.214053995037308e-06
0,92.168,18.79713,0.00063318,0.0005009761349063467,0.0007088517668495022,0.0004253043680568446,69.5,6.119487310170426e-06,0.0004120191395699932,6.269646459808155e-06
0,92.668,18.89511,0.0006415,0.000504212216149328,0.0007170407159462853,0.0004286715002030429,70.0,6.123878574329184e-06,0.0004151677246778517,6.3245853464235855e-06
0,93.168,18.99313,0.00064979,0.000507451086065004,0.0007252324667755394,0.00043200861928946455,70.5,6.127781833893114e-06,0.00041834361659570424,6.378874308763802e-06
0,93.668,19.09128,0.00065835,0.0005106927416564143,0.0007334270133718852,0.00043561572828452913,71.0,6.135432792739847e-06,0.000421546491274883,6.432517000709007e-06
0,94.168,19.18963,0.00066684,0.0005139371799284254,0.000741624349775781,0.0004391528301526445,71.5,6.1419976245125105e-06,0.00042477602649366075,6.485517076139403e-06
0,94.668,19.288,0.00067465,0.0005171843978877232,0.0007498244700335065,0.00044200992785421657,72.0,6.139026775753008e-06,0.0004280319018572499,6.537878188935187e-06
0,95.168,19.38647,0.0006835,0.0005204343925428179,0.0007580273681971859,0.000445907024345632,72.5,6.150441715112166e-06,0.0004313137987978035,6.589603992976565e-06
0,95.668,19.48494,0.00069151,0.0005236871609040454,0.0007662330383247651,0.0004489641225792803,73.0,6.150193459990142e-06,0.00043462140057441413,6.6406981421437365e-06
0,96.168,19.58375,0.00069996,0.0005269426999835658,0.000774441474480022,0.0004524612255035437,73.5,6.15593504086454e-06,0.000437954392273115,6.691164290316906e-06
0,96.668,19.68285,0.00070839,0.0005302010067953587,0.0007826526707325719,0.0004559383360627869,74.0,6.161328865713336e-06,0.0004413124608068788,6.74100609137627e-06
0,97.168,19.7822,0.00071768,0.0005334620783552296,0.0007908666211578572,0.0004602754571973724,74.5,6.178194056340569e-06,0.000444695294915619,6.790227199202033e-06
0,97.668,19.88152,0.00072577,0.0005367259116808073,0.0007990833198371523,0.0004634125918436551,75.0,6.178834557915401e-06,0.00044810258516618854,6.838831267674396e-06
0,98.168,19.98088,0.00073366,0.0005399925037915454,0.000807302760857562,0.00046634974293398345,75.5,6.176817787205079e-06,0.0004515340239523811,6.8868219506735615e-06
0,98.668,20.08028,0.00074238,0.0005432618517087198,0.0008155249383120233,0.0004701169133966964,76.0,6.1857488604828474e-06,0.00045498930549493,6.934202902079729e-06
0,99.168,20.17995,0.00075104,0.0005465339524554289,0.0008237498462993088,0.0004738241061561202,76.5,6.19377916543948e-06,0.0004584681258415087,6.980977775773101e-06
0,99.668,20.27975,0.00075992,0.0005498088030565932,0.0008319774789240144,0.00047775132413257863,77.0,6.20456265107245e-06,0.000461970182866731,7.027150225633879e-06
0,100.168,20.37937,0.00076824,0.0005530864005389644,0.0008402078302965754,0.0004811185702423889,77.5,6.2079815515146955e-06,0.0004654951762721506,7.072723905542267e-06
0,100.668,20.47912,0.00077674,0.0005563667419311103,0.0008484408945332537,0.00048466584739785675,78.0,6.213664710228933e-06,0.00046904280758626124,7.117702469378463e-06
0,101.168,20.57889,0.00078539,0.0005596498242634237,0.0008566766657561436,0.0004883631585072801,78.5,6.221186732576817e-06,0.000472612780164497,7.162089571022669e-06
0,101.668,20.67889,0.00079428,0.0005629356445681225,0.0008649151380931697,0.0004923005064749529,79.0,6.231651980695606e-06,0.000476204799189232,7.205888864355088e-06
0,102.168,20.77887,0.0008025,0.0005662241998792457,0.0008731563056780904,0.0004955678942011553,79.5,6.2335584176245955e-06,0.0004798185716697801,7.24910400325592e-06
0,102.668,20.87861,0.00081089,0.0005695154872326592,0.0008814001626504947,0.0004990053245821644,80.0,6.237566557277055e-06,0.00048345380644239594,7.2917386416053676e-06
0,103.168,20.97857,0.00081971,0.0005728095036660504,0.0008896467031558036,0.0005028728005102468,80.5,6.2468670870838105e-06,0.0004871102141702736,7.3337964332836324e-06
0,103.668,21.07851,0.00082859,0.0005761062462189314,0.0008978959213452684,0.0005068003248736631,81.0,6.256794134242754e-06,0.0004907875073435477,7.3752810321709145e-06
0,104.168,21.17846,0.00083712,0.0005794057119326325,0.0009061478113759694,0.0005103779005566631,81.5,6.262305528302615e-06,0.0004944854002792928,7.4161960921474185e-06
0,104.668,21.27856,0.00084543,0.0005827078978503184,0.0009144023674108239,0.0005137355304394944,82.0,6.265067444384078e-06,0.0004982036091215234,7.456545267093342e-06
0,105.168,21.37893,0.00085442,0.0005860128010169666,0.0009226595836185781,0.0005177732173983886,82.5,6.276038998768347e-06,0.0005019418518411945,7.4963322108888885e-06
0,105.668,21.4795,0.000863,0.000589320418479383,0.0009309194541738085,0.0005214009643055746,83.0,6.281939328982827e-06,0.0005056998482362007,7.53556057741426e-06
0,106.168,21.58058,0.00087119,0.0005926307472861967,0.000939181973256922,0.0005246387740292747,83.5,6.283099090170955e-06,0.0005094773199313769,7.574234020549657e-06
0,106.668,21.68151,0.00088008,0.0005959437844878599,0.0009474471350541629,0.0005285766494336971,84.0,6.292579159924966e-06,0.0005132739903784987,7.612356194175281e-06
0,107.168,21.78262,0.00088864,0.0005992595271366481,0.0009557149337575989,0.0005321845933790492,84.5,6.298042525195849e-06,0.0005170895848562807,7.649930752171335e-06
0,107.668,21.8838,0.00089735,0.0006025779722866635,0.0009639853635651351,0.0005359426087215282,85.0,6.305207161429744e-06,0.0005209238304703784,7.686961348418019e-06
0,108.168,21.98479,0.00090598,0.0006058991169938244,0.0009722584186805036,0.0005396206983133208,85.5,6.311353196647027e-06,0.0005247764561533872,7.723451636795535e-06
0,108.668,22.0859,0.00091561,0.000609222958315881,0.0009805340933132737,0.0005442988650026072,86.0,6.329056569797758e-06,0.0005286471926648426,7.759405271184086e-06
0,109.168,22.18716,0.00092462,0.0006125494933124009,0.00098881238167884,0.0005483571116335611,86.5,6.339388573798394e-06,0.0005325357725912198,7.794825905463869e-06
0,109.668,22.28854,0.00093308,0.0006158787190447788,0.0009970932779984325,0.0005518654410463463,87.0,6.343280931567198e-06,0.000536441930345935,7.82971719351509e-06
0,110.168,22.39018,0.00094205,0.0006192106325762312,0.0010053767764991103,0.0005558838560771209,87.5,6.3529583551670965e-06,0.0005403654021693435,7.86408278921795e-06
0,110.668,22.49196,0.00095157,0.0006225452309718002,0.0010136628714137678,0.0005604523595580326,88.0,6.368776813159461e-06,0.0005443059261287414,7.897926346452648e-06
0,111.168,22.59388,0.00096063,0.0006258825112983469,0.0010219515569811228,0.0005645609543172242,88.5,6.379219822793494e-06,0.0005482632421183649,7.931251519099387e-06
0,111.668,22.69608,0.00096877,0.0006292224706245606,0.0010302428274457324,0.0005677496431788281,89.0,6.379209473919417e-06,0.0005522370918593896,7.964061961038372e-06
0,112.168,22.79824,0.00097873,0.0006325651060209532,0.001038536677057984,0.0005727584289629691,89.5,6.39953551913932e-06,0.0005562272188999319,7.996361326149798e-06
0,112.668,22.90041,0.00098798,0.0006359104145598577,0.0010468331000740936,0.0005770573144857642,90.0,6.411747938730713e-06,0.0005602333686150482,8.02815326831387e-06
0,113.168,23.00258,0.0009976,0.0006392583933154334,0.0010551320907561078,0.0005817263025593255,90.5,6.427914945406912e-06,0.0005642552882067346,8.05944144141079e-06
0,113.668,23.10468,0.0010066,0.0006426090393636614,0.0010634336433719086,0.0005857753959917528,91.0,6.437092263645635e-06,0.0005682927267039278,8.090229499320757e-06
0,114.168,23.20679,0.0010149,0.0006459623497823471,0.0010717377521952069,0.0005891245975871403,91.5,6.438520192209183e-06,0.0005723454349625042,8.120521095923976e-06
0,114.668,23.30892,0.001024,0.0006493183216511201,0.0010800444115055471,0.0005932739101455729,92.0,6.448629458104053e-06,0.0005764131656652807,8.150319885100647e-06
0,115.168,23.41108,0.0010338,0.0006526769520514312,0.001088353615588301,0.0005981233364631302,92.5,6.46619823203384e-06,0.0005804956733220138,8.17962952073097e-06
0,115.668,23.51348,0.0010432,0.0006560382380665572,0.0010966653587346775,0.0006025728793318797,93.0,6.479278272385803e-06,0.0005845927142694006,8.208453656695148e-06
0,116.168,23.61583,0.0010524,0.0006594021767815962,0.0011049796352417107,0.0006068225415398856,93.5,6.490080658180594e-06,0.000588704046671078,8.236795946873383e-06
0,116.668,23.71832,0.0010611,0.0006627687652834722,0.001113296439412272,0.0006105723258712002,94.0,6.4954502752255344e-06,0.0005928294305176231,8.264660045145876e-06
0,117.168,23.82082,0.0010698,0.0006661380006609324,0.0011216157655550563,0.0006143222351058762,94.5,6.500764392654775e-06,0.000596968627626553,8.292049605392828e-06
0,117.668,23.92355,0.0010785,0.0006695098800045454,0.0011299376079846012,0.0006180722720199442,95.0,6.506023915999413e-06,0.0006011214016423249,8.318968281494441e-06
0,118.168,24.02629,0.0010888,0.0006728844004067038,0.0011382619610212658,0.000623422439385438,95.5,6.527983658486261e-06,0.0006052875180363365,8.345419727330915e-06
0,118.668,24.12909,0.001097,0.0006762615589616253,0.001146588818991245,0.0006266727399703803,96.0,6.527841041358129e-06,0.0006094667441069251,8.371407596782453e-06
0,119.168,24.23198,0.0011059,0.0006796413527653524,0.001154918176226566,0.0006306231765387865,96.5,6.534955197293124e-06,0.0006136588489793681,8.396935543729258e-06
0,119.668,24.33502,0.0011146,0.0006830237789157466,0.001163250027065084,0.0006343737518506628,97.0,6.539935586089308e-06,0.0006178636036058836,8.42200722205153e-06
0,120.168,24.43802,0.0011244,0.000686408834512495,0.0011715843658504886,0.0006392244686620064,97.5,6.556148396533399e-06,0.0006220807807656291,8.44662628562947e-06
0,120.668,24.54131,0.0011333,0.0006897965166571124,0.0011799211869322982,0.0006431753297248142,98.0,6.563013568620554e-06,0.0006263101550647023,8.470796388343279e-06
0,121.168,24.64471,0.0011431,0.0006931868224529288,0.0011882604846658647,0.0006480263377870641,98.5,6.5789475917468435e-06,0.0006305515029361417,8.49452118407316e-06
0,121.668,24.74838,0.001152,0.0006965797490051046,0.0011966022534123742,0.0006519774955927305,99.0,6.585631268613439e-06,0.0006348046026399248,8.517804326699314e-06
0,122.168,24.85264,0.0011606,0.0006999752934206214,0.0012049464875388358,0.0006556288058817855,99.5,6.589234229967693e-06,0.0006390692342629703,8.540649470101944e-06
0,122.668,24.95712,0.0011706,0.0007033734528082841,0.0012132931814180983,0.0006606802713901858,100.0,6.606802713901858e-06,0.0006433451797191363,8.56306026816125e-06
0,123.168,25.06161,0.0011794,0.0007067742242787218,0.0012216423294288386,0.0006645318948498831,100.5,6.612257660197842e-06,0.0006476322227492211,8.585040374757431e-06
0,123.668,25.16626,0.0011884,0.0007101776049443865,0.0012299939259555644,0.0006685836789888221,101.0,6.619640386027942e-06,0.0006519301489209632,8.606593443770692e-06
0,124.168,25.27095,0.0011978,0.0007135835919195536,0.0012383479653886153,0.0006730356265309382,101.5,6.6308928722259925e-06,0.0006562387456290413,8.627723129081236e-06
0,124.668,25.37547,0.0012077,0.0007169921823203234,0.0012467044421241632,0.0006779877401961601,102.0,6.646938629374119e-06,0.000660557802095074,8.64843308456926e-06
0,125.168,25.47987,0.001216,0.0007204033732646168,0.0012550633505642103,0.0006813400227004066,102.5,6.647219733662503e-06,0.0006648871093676203,8.668726964114967e-06
0,125.668,25.58369,0.0012246,0.0007238171618721805,0.0012634246851165902,0.0006849924767555902,103.0,6.650412395685342e-06,0.0006692264603221787,8.688608421598561e-06
0,126.168,25.68751,0.0012336,0.000727233545264586,0.001271788440194971,0.000689045105069615,103.5,6.657440628691932e-06,0.0006735756496611884,8.70808111090024e-06
0,126.668,25.79161,0.0012429,0.0007306525205652264,0.0012801546102188463,0.00069339791034638,104.0,6.667287599484423e-06,0.0006779344739140286,8.727148685900209e-06
0,127.168,25.89568,0.0012516,0.0007340740848993162,0.0012885231896135477,0.0006971508952857688,104.5,6.671300433356639e-06,0.0006823027314370183,8.745814800478666e-06
0,127.668,25.99972,0.0012602,0.0007374982353938984,0.0012968941728102338,0.0007008040625836646,105.0,6.67432440555871e-06,0.000686680222413417,8.764083108515815e-06
0,128.168,26.10379,0.0012693,0.0007409249691778357,0.0013052675542458946,0.0007049574149319412,105.5,6.682060805042097e-06,0.0006910667488534241,8.781957263891858e-06
0,128.668,26.20807,0.0012777,0.0007443542833818172,0.0013136433283633536,0.0007084109550184636,106.0,6.683122217155317e-06,0.0006954621145941788,8.799440920486994e-06
0,129.168,26.31244,0.0012873,0.0007477861751383512,0.0013220214896112652,0.0007130646855270859,106.5,6.695443056592355e-06,0.0006998661252997607,8.816537732181426e-06
0,129.668,26.41696,0.0012962,0.0007512206415817759,0.0013304020324441147,0.0007170186091376611,107.0,6.7011084966136555e-06,0.00070427858846119,8.833251352855355e-06
0,130.168,26.52125,0.0013046,0.0007546576798482443,0.0013387849513222198,0.0007204727285260244,107.5,6.702071893265343e-06,0.0007086993133964263,8.849585436388984e-06
0,130.668,26.62566,0.0013137,0.0007580972870757418,0.0013471702407117274,0.0007246270463640144,108.0,6.7095096885556895e-06,0.0007131281112503692,8.865543636662512e-06
0,131.168,26.73025,0.0013222,0.0007615394604040728,0.0013555578950846196,0.0007281815653194532,108.5,6.711350832437356e-06,0.0007175647949948589,8.881129607556143e-06
0,131.668,26.83498,0.0013316,0.0007649841969748659,0.001363947908918705,0.000732636288056161,109.0,6.721433835377624e-06,0.0007220091794286753,8.896347002950077e-06
0,132.168,26.9399,0.0013405,0.0007684314939315718,0.0013723402766976272,0.0007365912172339444,109.5,6.726860431360223e-06,0.0007264610811775389,8.911199476724516e-06
0,132.668,27.0448,0.0013493,0.0007718813484194681,0.00138073499291086,0.0007404463555086079,110.0,6.7313305046237076e-06,0.0007309203186941099,8.925690682759661e-06
0,133.168,27.14955,0.0013584,0.0007753337575856544,0.001389132052053709,0.0007446017055319455,110.5,6.738476973139778e-06,0.0007353867122579887,8.939824274935715e-06
0,133.668,27.25461,0.0013671,0.000778788718579052,0.0013975314486273111,0.0007483572699517409,111.0,6.741957386952621e-06,0.0007398600839757159,8.953603907132877e-06
0,134.168,27.35978,0.001376,0.0007822462285504064,0.0014059331771386352,0.0007523130514117712,111.5,6.747202254814091e-06,0.0007443402577807718,8.967033233231351e-06
0,134.668,27.46494,0.0013858,0.0007857062846522885,0.0014143372321004802,0.0007571690525518082,112.0,6.760437969212574e-06,0.0007488270594335774,8.980115907111337e-06
0,135.168,27.57026,0.0013942,0.0007891688840390917,0.001422743608031479,0.0007606252760076126,112.5,6.761113564512112e-06,0.0007533203165214934,8.992855582653038e-06
0,135.668,27.67544,0.0014027,0.0007926340238670329,0.0014311522994560916,0.000764181724410941,113.0,6.762670127530451e-06,0.0007578198584588207,9.005255913736653e-06
0,136.168,27.7808,0.0014128,0.0007961017012941534,0.0014395633009046133,0.0007693384003895402,113.5,6.778311897705199e-06,0.0007623255164868004,9.017320554242386e-06
0,136.668,27.88631,0.0014216,0.0007995719134803146,0.0014479766069131683,0.0007731953065671466,114.0,6.782414969887251e-06,0.0007668371236736135,9.029053158050438e-06
0,137.168,27.99176,0.0014308,0.0008030446575872053,0.0014563922120237145,0.0007774524455634911,114.5,6.78997769051084e-06,0.0007713545149143812,9.04045737904101e-06
0,137.668,28.09759,0.0014399,0.0008065199307783376,0.0014648101107840412,0.0007816098199942964,115.0,6.796607130385186e-06,0.0007758775269311648,9.051536871094304e-06
0,138.168,28.20356,0.0014488,0.000809997730219043,0.0014732302977477673,0.0007855674324712758,115.5,6.801449631785938e-06,0.0007804059982729662,9.062295288090521e-06
0,138.668,28.30945,0.0014576,0.0008134780530764836,0.0014816527674743427,0.0007894252856021407,116.0,6.805390393121903e-06,0.0007849397693157262,9.072736283909862e-06
0,139.168,28.41552,0.0014676,0.0008169608965196374,0.0014900775145290507,0.0007944833819905866,116.5,6.819599845412761e-06,0.0007894786822623266,9.082863512432529e-06
0,139.668,28.52154,0.0014762,0.0008204462577193093,0.0014985045334830046,0.0007981417242363046,117.0,6.821724138771835e-06,0.0007940225811425893,9.092680627538725e-06
0,140.168,28.62752,0.0014849,0.0008239341338481315,0.001506933818913152,0.0008019003149349795,117.5,6.824683531361528e-06,0.0007985713118132759,9.10219128310865e-06
0,140.668,28.73344,0.0014952,0.0008274245220805535,0.001515365365402267,0.0008072591566782865,118.0,6.841179293883784e-06,0.0008031247219580885,9.111399133022504e-06
0,141.168,28.83917,0.0015039,0.0008309174195928505,0.0015237991675389586,0.0008110182520538918,118.5,6.844035882311323e-06,0.0008076826610876691,9.120307831160492e-06
0,141.668,28.94464,0.0015129,0.0008344128235631219,0.0015322352199176681,0.0008150776036454539,119.0,6.849391627272722e-06,0.0008122449805395997,9.128921031402814e-06
0,142.168,29.05014,0.0015206,0.0008379107311712918,0.0015406735171386637,0.0008178372140326281,119.5,6.843826058850444e-06,0.0008168115334784026,9.137242387629669e-06
0,142.668,29.15561,0.0015301,0.0008414111395991068,0.00154911405380805,0.0008223970857910569,120.0,6.853309048258807e-06,0.0008213821748955402,9.145275553721264e-06
0,143.168,29.26108,0.0015392,0.0008449140460301341,0.0015575568245377591,0.0008265572214923751,120.5,6.859396028982366e-06,0.0008259567616094146,9.153024183557795e-06
0,143.668,29.36674,0.0015482,0.0008484194476497684,0.0015660018239455576,0.0008306176237042107,121.0,6.864608460365378e-06,0.0008305351522653687,9.160491931019468e-06
0,144.168,29.47257,0.0015568,0.0008519273416452249,0.001574449046655043,0.0008342782949901815,121.5,6.866488024610547e-06,0.000835117207335685,9.16768244998648e-06
0,144.668,29.57848,0.0015656,0.0008554377252055463,0.0015828984872956423,0.0008381392379099043,122.0,6.869993753359872e-06,0.0008397027891195861,9.174599394339037e-06
0,145.168,29.68482,0.0015746,0.0008589505955215963,0.0015913501405026157,0.0008422004550189804,122.5,6.8751057552569824e-06,0.000844291761743235,9.181246417957337e-06
0,145.668,29.79142,0.0015838,0.0008624659497860603,0.0015998040009170518,0.0008464619488690083,123.0,6.8818044623496605e-06,0.0008488839911597344,9.187627174721583e-06
0,146.168,29.8981,0.0015931,0.00086598378519345,0.001608260063185876,0.0008508237220075741,123.5,6.88926090694392e-06,0.0008534793451491278,9.193745318511977e-06
0,146.668,30.00505,0.0016018,0.000869504098940101,0.0016167183219618396,0.0008545857769782614,124.0,6.8918207820827535e-06,0.0008580776933183977,9.199604503208722e-06
0,147.168,30.11193,0.001611,0.0008730268882241703,0.0016251787719035312,0.000858848116320639,124.5,6.8983784443424826e-06,0.0008626789071014676,9.205208382692015e-06
0,147.668,30.21886,0.0016202,0.0008765521502456398,0.0016336414076753639,0.0008631107425702759,125.0,6.904885940562207e-06,0.0008672828597592007,9.21056061084206e-06
0,148.168,30.32597,0.0016295,0.000880079882206313,0.0016421062239475879,0.000867473658258725,125.5,6.912140703256773e-06,0.0008718894263794008,9.21566484153906e-06
0,148.668,30.433,0.0016386,0.0008836100813098199,0.0016505732153962813,0.0008716368659135386,126.0,6.917752904075704e-06,0.000876498483876811,9.220524728663213e-06
0,149.168,30.53998,0.0016483,0.0008871427447616122,0.0016590423767033572,0.0008764003680582551,126.5,6.928066150658144e-06,0.0008811099109931152,9.225143926094725e-06
0,149.668,30.64698,0.0016576,0.0008906778697689646,0.0016675137025565553,0.0008807641672124093,127.0,6.935150922932357e-06,0.0008857235882969369,9.229526087713794e-06
0,150.168,30.75416,0.001667,0.0008942154535409785,0.001675987187649451,0.0008852282658915276,127.5,6.942966791306099e-06,0.0008903393981838401,9.233674867400622e-06
0,150.668,30.86134,0.0016763,0.0008977554932885733,0.0016844628266814493,0.0008895926666071239,128.0,6.949942707868156e-06,0.0008949572248763289,9.237593919035412e-06
0,151.168,30.96863,0.0016848,0.0009012979862244985,0.0016929406143577864,0.0008931573718667122,128.5,6.950641026200095e-06,0.0008995769544238469,9.241286896498364e-06
0,151.668,31.07595,0.0016945,0.0009048429295633216,0.0017014205453895308,0.0008979223841737907,129.0,6.960638637006129e-06,0.0009041984747027785,9.244757453669682e-06
0,152.168,31.18365,0.0017036,0.000908390320521436,0.001709902614493582,0.000902087706027854,129.5,6.9659282318753206e-06,0.000908821675416448,9.248009244429563e-06
0,152.668,31.29136,0.0017134,0.00091194015631706,0.0017183868163926702,0.0009069533399243897,130.0,6.976564153264536e-06,0.0009134464480951195,9.251045922658214e-06
0,153.168,31.39907,0.0017224,0.0009154924341702314,0.0017268731458153575,0.0009110192883548737,130.5,6.980990715363017e-06,0.0009180726860959976,9.253871142235831e-06
0,153.668,31.50676,0.0017315,0.0009190471513028141,0.0017353615974960374,0.0009151855538067767,131.0,6.986149265700585e-06,0.0009227002846032269,9.25648855704262e-06
0,154.168,31.61459,0.0017412,0.0009226043049384977,0.001743852166174939,0.0009199521387635587,131.5,6.99583375485596e-06,0.0009273291406278921,9.258901820958781e-06
0,154.668,31.72251,0.0017506,0.0009261638923027922,0.001752344846598113,0.0009244190457046789,132.0,7.00317458867181e-06,0.0009319591530080175,9.261114587864515e-06
0,155.168,31.83041,0.0017601,0.0009297259106230311,0.0017608396335174513,0.0009289862771055795,132.5,7.011217185702487e-06,0.0009365902224085682,9.263130511640023e-06
0,155.668,31.9382,0.0017689,0.0009332903571283736,0.0017693365216906697,0.0009328538354377038,133.0,7.013938612313562e-06,0.0009412222513214491,9.264953246165508e-06
0,156.168,32.04601,0.0017783,0.0009368572290498001,0.0017778355058813249,0.0009373217231684753,133.5,7.0211365031346464e-06,0.0009458551440655054,9.26658644532117e-06
0,156.668,32.15396,0.0017873,0.0009404265236201146,0.001786336580858792,0.0009413899427613225,134.0,7.025298080308377e-06,0.000950488806786522,9.268033762987213e-06
0,157.168,32.26201,0.0017965,0.0009439982380739474,0.001794839741398292,0.0009456584966756553,134.5,7.0309181908970655e-06,0.0009551231474572244,9.269298853043836e-06
0,157.668,32.37004,0.0018062,0.0009475723696477497,0.0018033449822808627,0.000950427387366887,135.0,7.040202869384349e-06,0.0009597580758772777,9.270385369371242e-06
0,158.168,32.47791,0.0018156,0.0009511489155797966,0.0018118522982933866,0.0009548966172864097,135.5,7.04720750764878e-06,0.0009643935036732873,9.271296965849631e-06
0,158.668,32.58595,0.0018248,0.0009547278731101881,0.0018203616842285657,0.0009591661888816222,136.0,7.052692565306045e-06,0.000969029344298799,9.272037296359206e-06
0,159.168,32.69392,0.0018335,0.0009583092394808467,0.001828873134884947,0.0009629361045958998,136.5,7.054476956746519e-06,0.0009736655130342985,9.27261001478017e-06
0,159.668,32.80195,0.001843,0.0009618930119355178,0.001837386645066893,0.0009675063668686248,137.0,7.0620902691140495e-06,0.0009783019269872112,9.273018774992719e-06
0,160.168,32.90998,0.0018525,0.0009654791877197694,0.0018459022095846126,0.0009720769781351567,137.5,7.069650750073867e-06,0.000982938505091903,9.27326723087706e-06
0,160.668,33.01805,0.0018616,0.0009690677640809987,0.0018544198232541362,0.0009762479408268621,138.0,7.074260440774363e-06,0.0009875751681096801,9.273359036313393e-06
0,161.168,33.12621,0.0018708,0.0009726587382684199,0.0018629394808973299,0.0009805192573710897,138.5,7.07956142506202e-06,0.0009922118386287886,9.273297845181918e-06
0,161.668,33.23447,0.0018802,0.0009762521075330731,0.0018714611773418864,0.000984990930191187,139.0,7.086265684828683e-06,0.0009968484410644142,9.273087311362837e-06
0,162.168,33.34278,0.0018889,0.0009798478691278225,0.0018799849074213407,0.0009887629617064816,139.5,7.087906535530334e-06,0.0010014849016586837,9.272731088736354e-06
0,162.668,33.45116,0.001899,0.0009834460203073554,0.0018885106659750463,0.0009939353543323092,140.0,7.09953824523078e-06,0.0010061211484806629,9.272232831182667e-06
0,163.168,33.55978,0.0019079,0.0009870465583281815,0.0018970384478481954,0.0009979081104799859,140.5,7.102548829039045e-06,0.0010107571114263585,9.27159619258198e-06
0,163.668,33.66812,0.0019167,0.0009906494804486372,0.0019055682478918102,0.0010017812325568269,141.0,7.10483143657324e-06,0.001015392722218717,9.270824826814493e-06
0,164.168,33.77647,0.0019267,0.0009942547839288792,0.0019141000609627454,0.0010068547229661337,141.5,7.1155810810327475e-06,0.001020027914407625,9.269922387760409e-06
0,164.668,33.88478,0.0019356,0.000997862466030887,0.0019226338819236834,0.0010108285841072037,142.0,7.118511155684533e-06,0.0010246626233699097,9.268892529299928e-06
0,165.168,33.9935,0.0019448,0.001001472524018469,0.0019311697056431454,0.0010151028183753236,142.5,7.123528550002271e-06,0.0010292967863093374,9.267738905313252e-06
0,165.668,34.10232,0.0019543,0.0010050849551572509,0.0019397075269954722,0.0010196774281617787,143.0,7.130611385746704e-06,0.0010339303422566152,9.266465169680584e-06
0,166.168,34.21113,0.0019637,0.0010086997567146866,0.0019482473408608493,0.0010241524158538374,143.5,7.136950633127787e-06,0.0010385632320693903,9.265074976282124e-06
0,166.668,34.31985,0.0019726,0.00101231692596005,0.001956789142125285,0.001028127783834765,144.0,7.139776276630313e-06,0.0010431953984322497,9.263571978998073e-06
0,167.168,34.4288,0.0019822,0.0010159364601644407,0.001965332925680621,0.0010328035344838197,144.5,7.147429304386295e-06,0.0010478267858567208,9.261959831708634e-06
0,167.668,34.53776,0.0019912,0.0010195583566007804,0.00197387868642453,0.00103687967017625,145.0,7.150894277077587e-06,0.0010524573406812707,9.260242188294008e-06
0,168.168,34.64665,0.0020006,0.001023182612543817,0.0019824264192605193,0.0010413561932832976,145.5,7.157087239060464e-06,0.0010570870110713072,9.258422702634395e-06
0,168.668,34.75541,0.0020098,0.0010268092252701186,0.0019909761190979227,0.0010456331061721958,146.0,7.161870590220519e-06,0.0010617157470191776,9.256505028609999e-06
0,169.168,34.86433,0.0020195,0.0010304381920580767,0.0019995277808519092,0.0010504104112061675,146.5,7.170036936560871e-06,0.0010663435003441697,9.25449282010102e-06
0,169.668,34.97327,0.0020289,0.0010340695101879122,0.0020080813994434784,0.001054888110744434,147.0,7.176109596900911e-06,0.0010709702246925112,9.25238973098766e-06
0,170.168,35.08274,0.0020379,0.0010377031769416628,0.00201663696979946,0.0010589662071422029,147.5,7.179431912828494e-06,0.0010755958755373704,9.25019941515012e-06
0,170.668,35.1923,0.0020471,0.0010413391896031913,0.0020251944868525168,0.0010632447027506746,148.0,7.18408582939645e-06,0.0010802204101788542,9.247925526468604e-06
0,171.168,35.30209,0.002057,0.0010449775454581854,0.002033753945541142,0.0010682235999170432,148.5,7.193424915266285e-06,0.0010848437877440116,9.245571718823309e-06
0,171.668,35.41174,0.0020662,0.001048618241794157,0.0020423153408096603,0.0010725029009844966,149.0,7.198006046875816e-06,0.0010894659691868304,9.24314164609444e-06
0,172.168,35.52166,0.0020754,0.0010522612759004402,0.002050878667608228,0.0010767826082922118,149.5,7.202559252790715e-06,0.0010940869172882388,9.240638962162197e-06
0,172.668,35.63157,0.002085,0.0010559066450681904,0.0020594439208928327,0.0010814627241753577,150.0,7.209751494502385e-06,0.0010987065966561052,9.238067320906782e-06
0,173.168,35.7414,0.0020945,0.0010595543465903917,0.002068011095625294,0.0010860432509650977,150.5,7.216234225681713e-06,0.0011033249737252384,9.235430376208398e-06
0,173.668,35.85136,0.0021042,0.0010632043777618477,0.0020765801867732615,0.0010908241909885863,151.0,7.224001264825075e-06,0.0011079420167573865,9.232731781947243e-06
0,174.168,35.9613,0.0021134,0.0010668567358791872,0.002085151189310219,0.0010951055465689683,151.5,7.228419449300121e-06,0.0011125576958412385,9.229975192003522e-06
0,174.668,36.0715,0.0021235,0.001070511418240861,0.0020937240982154765,0.0011002873200253844,152.0,7.238732368588055e-06,0.001117171982892423,9.227164260257434e-06
0,175.168,36.1817,0.0021321,0.0010741684221471466,0.002102298908474182,0.0011039695136729646,152.5,7.239144351953866e-06,0.0011217848516535088,9.224302640589183e-06
0,175.668,36.29201,0.0021422,0.0010778277449001398,0.002110875615077311,0.0011091521298228287,153.0,7.249360325639403e-06,0.0011263962776940052,9.221393986878968e-06
0,176.168,36.40237,0.0021514,0.0010814893838037663,0.0021194542130216704,0.0011134351707820958,153.5,7.253649321055999e-06,0.0011310062384103608,9.218441953006993e-06
0,176.668,36.51299,0.0021612,0.0010851533361637689,0.0021280346973099,0.0011183186388538688,154.0,7.26180934320694e-06,0.0011356147130259652,9.215450192853458e-06
0,177.168,36.62355,0.0021706,0.0010888195992877197,0.002136617062950469,0.0011228025363372507,154.5,7.2673303322799395e-06,0.0011402216825911473,9.212422360298563e-06
0,177.668,36.73417,0.0021807,0.0010924881704850106,0.002145201304957681,0.0011279868655273296,155.0,7.277334616305352e-06,0.0011448271299831767,9.209362109222513e-06
0,178.168,36.84485,0.0021898,0.0010961590470668593,0.002153787418351669,0.0011321716287151901,155.5,7.280846486914406e-06,0.0011494310399062632,9.206273093505507e-06
0,178.668,36.95545,0.0021996,0.001099832226346304,0.002162375398158397,0.0011370568281879067,156.0,7.2888258217173505e-06,0.0011540333988915557,9.203158967027746e-06
0,179.168,37.0661,0.0022088,0.0011035077056382094,0.0021709652394096618,0.0011413424662285476,156.5,7.292923106891678e-06,0.0011586341952971443,9.200023383669435e-06
0,179.668,37.17663,0.0022185,0.0011071854822592622,0.0021795569371430897,0.0011461285451161724,157.0,7.300181816026576e-06,0.0011632334193080584,9.196869997310772e-06
0,180.168,37.28705,0.002228,0.0011108655535279743,0.0021881504864021415,0.0011507150671258327,157.5,7.306127410322748e-06,0.0011678310629362682,9.19370246183196e-06
0,180.668,37.39782,0.0022376,0.0011145479167646794,0.002196745882236106,0.0011554020345285734,158.0,7.312671104611224e-06,0.0011724271200206837,9.1905244311132e-06
0,181.168,37.5088,0.0022469,0.0011182325692915326,0.002205343119700106,0.0011597894495914266,158.5,7.317283593636761e-06,0.0011770215862271548,9.187339559034694e-06
0,181.668,37.61953,0.0022558,0.001121919508432519,0.002213942193855096,0.001163777314577423,159.0,7.319354179732221e-06,0.0011816144590484716,9.184151499476644e-06
0,182.168,37.73006,0.0022648,0.0011256087315134403,0.0022225430997678576,0.0011678656317455826,159.5,7.322041578342211e-06,0.001186205737804365,9.180963906319251e-06
0,182.668,37.84045,0.0022748,0.0011293002358619278,0.0022311458325110093,0.0011729544033509186,160.0,7.330965020943241e-06,0.0011907954236415044,9.177780433442716e-06
0,183.168,37.95102,0.0022841,0.0011329940188074296,0.002239750387162999,0.0011773436316444303,160.5,7.33547434046374e-06,0.001195383519533501,9.17460473472724e-06
0,183.668,38.06186,0.0022941,0.0011366900776812253,0.002248356758808104,0.0011824333188731211,161.0,7.344306328404479e-06,0.0011999700302809052,9.171440464053027e-06
0,184.168,38.17234,0.0023028,0.00114038840981641,0.0022569649425364345,0.0011862234672799753,161.5,7.345036949102014e-06,0.0012045549625112075,9.168291275300277e-06
0,184.668,38.28293,0.002313,0.001144089012547908,0.0022655749334439335,0.0011915140791039745,162.0,7.355025179654163e-06,0.0012091383246788392,9.165160822349191e-06
0,185.168,38.39403,0.0023226,0.0011477918832124654,0.002274186726632375,0.0011962051565800906,162.5,7.3612625020313265e-06,0.0012137201270651704,9.16205275907997e-06
0,185.668,38.50544,0.0023321,0.0011514970191486501,0.002282800317209362,0.0012007967019392884,163.0,7.366850932142874e-06,0.0012183003817785127,9.158970739372818e-06
0,186.168,38.61703,0.0023417,0.0011552044176968562,0.0022914157002883297,0.0012054887174085265,163.5,7.373019678339611e-06,0.0012228791027541171,9.155918417107935e-06
0,186.668,38.72833,0.0023511,0.0011589140761993008,0.0023000328709885482,0.0012099812052107526,164.0,7.3779341781143454e-06,0.0012274563057541746,9.152899446165522e-06
0,187.168,38.83987,0.0023609,0.0011626259920000234,0.0023086518244351158,0.0012148741675649076,164.5,7.385253298266915e-06,0.0012320320083678165,9.14991748042578e-06
0,187.668,38.95124,0.0023702,0.0011663401624448858,0.002317272555758961,0.0012192676066859246,165.0,7.389500646581361e-06,0.0012366062300111142,9.146976173768914e-06
0,188.168,39.06271,0.0023797,0.0011700565848815772,0.0023258950600968465,0.0012238615247847306,165.5,7.394933684499882e-06,0.0012411789919270792,9.14407918007512e-06
0,188.668,39.17412,0.0023892,0.0011737752566596087,0.002334519332591368,0.001228455924068241,166.0,7.400336891977356e-06,0.001245750317185663,9.141230153224606e-06
0,189.168,39.28564,0.0023995,0.0011774961751303123,0.002343145368390944,0.0012338508067393683,166.5,7.4105153557920016e-06,0.0012503202306837578,9.138432747097569e-06
0,189.668,39.39726,0.0024087,0.001181219337646847,0.0023517731626498378,0.0012381461749970094,167.0,7.4140489520779e-06,0.0012548887591451946,9.13569061557421e-06
0,190.168,39.50879,0.0024184,0.001184944741564194,0.0023604027105281313,0.0012429420310360625,167.5,7.420549439021269e-06,0.0012594559311207459,9.133007412534735e-06
0,190.668,39.62055,0.0024283,0.001188672384239157,0.0023690340071917462,0.0012479383770474107,168.0,7.428204625282206e-06,0.0012640217769881233,9.130386791859342e-06
0,191.168,39.73231,0.0024383,0.0011924022630303644,0.002377667047812431,0.0012530352152179333,168.5,7.436410772806726e-06,0.001268586328951979,9.127832407428231e-06
0,191.668,39.84394,0.002448,0.0011961343752982696,0.002386301827567769,0.0012578325477305007,169.0,7.442796140417164e-06,0.0012731496210439054,9.125347913121608e-06
0,192.168,39.95585,0.002458,0.0011998687184051468,0.002394938341641172,0.0012629303767639748,169.5,7.450916677073598e-06,0.0012777116891224348,9.122936962819672e-06
0,192.668,40.06768,0.0024673,0.001203605289715093,0.002403576585221886,0.0012673287044932071,170.0,7.454874732312983e-06,0.0012822725708730395,9.120603210402625e-06
0,193.168,40.17963,0.0024775,0.001207344086594034,0.002412216553504985,0.0012726275330890492,170.5,7.464091103161579e-06,0.0012868323058081315,9.118350309750668e-06
0,193.668,40.2919,0.0024874,0.0012110851064097133,0.0024208582416913784,0.0012776268647183347,171.0,7.471502132855758e-06,0.0012913909352670642,9.116181914744003e-06
0,194.168,40.40397,0.0024975,0.0012148283465317012,0.0024295016449878033,0.001282826701543898,171.5,7.4800390760577145e-06,0.00129594850241613,9.11410167926283e-06
0,194.668,40.51643,0.0025071,0.0012185738043313911,0.0024381467586068323,0.0012875270457245588,172.0,7.485622358863714e-06,0.0013005050522485616,9.112113257187352e-06
0,195.168,40.62887,0.0025172,0.0012223214771819972,0.002446793577766862,0.0012927278994151348,172.5,7.494074779218173e-06,0.0013050606315845317,9.110220302397772e-06
0,195.668,40.74146,0.0025274,0.001226071362458561,0.0024554420976921325,0.0012980292647664284,173.0,7.503059333909991e-06,0.0013096152890711536,9.10842646877429e-06
0,196.168,40.85398,0.0025372,0.0012298234575379464,0.002464092313612702,0.0013029311439252443,173.5,7.509689590347229e-06,0.0013141690751824805,9.106735410197107e-06
0,196.668,40.96646,0.0025484,0.0012335777597988406,0.0024727442207644716,0.0013092335390343691,174.0,7.52433068410557e-06,0.001318722042219505,9.105150780546425e-06
0,197.168,41.07914,0.0025579,0.0012373342666217521,0.0024813978143891644,0.0013138364522325878,174.5,7.529148723395919e-06,0.0013232742443101612,9.103676233702445e-06
0,197.668,41.19207,0.0025678,0.001241092975389017,0.0024900530897343414,0.0013188398856546755,175.0,7.536227918026717e-06,0.001327825737409322,9.102315423545368e-06
0,198.168,41.30487,0.0025776,0.001244853883484792,0.0024987100420533906,0.0013237438414314016,175.5,7.542699951176077e-06,0.0013323765792988011,9.101072003955398e-06
0,198.668,41.41755,0.0025871,0.0012486169882950588,0.0025073686666055375,0.0013283483216895214,176.0,7.54743364596319e-06,0.001336926829587352,9.099949628812735e-06
0,199.168,41.53042,0.0025972,0.001252382287207623,0.00251602895865583,0.0013335533285517929,176.5,7.555542937970498e-06,0.0013414765497106683,9.09895195199758e-06
0,199.668,41.64335,0.0026072,0.001256149777612109,0.002524690913475157,0.001338658864136952,177.0,7.563044430152272e-06,0.0013460258029313842,9.098082627390136e-06
0,200.168,41.75634,0.0026183,0.0012599194568999727,0.0025333545263402316,0.0013448649305597411,177.5,7.576703834139387e-06,0.0013505746543390732,9.097345308870603e-06
0,200.668,41.86938,0.0026272,0.0012636913224644874,0.002542019792533605,0.0013488715299308823,178.0,7.577929943431923e-06,0.0013551231708502495,9.096743650319183e-06
0,201.168,41.98247,0.0026372,0.0012674653717007515,0.002550686707343649,0.0013539786643571028,178.5,7.585314646258279e-06,0.001359671421208367,9.096281305616078e-06
0,201.668,42.0958,0.0026472,0.0012712416020056877,0.002559355266064581,0.0013590863359411072,179.0,7.592661094643057e-06,0.0013642194759838201,9.09596192864149e-06
0,202.168,42.20922,0.0026564,0.0012750200107780425,0.0025680254639964357,0.0013633945467816074,179.5,7.59551279544071e-06,0.0013687674075739435,9.095789173275618e-06
0,202.668,42.32283,0.0026657,0.0012788005954183848,0.0025766972964450926,0.0013678032989732922,180.0,7.59890721651829e-06,0.0013733152902030109,9.095766693398666e-06
0,203.168,42.43637,0.0026761,0.0012825833533291068,0.0025853707587222517,0.0013733125946068549,180.5,7.608380025522742e-06,0.001377863199922237,9.095898142890833e-06
0,203.668,42.55012,0.0026855,0.0012863682819144254,0.002594045846145451,0.0013778224357689746,181.0,7.612278650657318e-06,0.0013824112146097766,9.096187175632324e-06
0,204.168,42.66387,0.0026956,0.0012901553785803809,0.002602722554038054,0.001383032824542327,181.5,7.620015562216677e-06,0.0013869594139707241,9.09663744550334e-06
0,204.668,42.77766,0.0027056,0.0012939446407348358,0.002611400877729266,0.0013881437630055699,182.0,7.627163532997637e-06,0.0013915078795371147,9.097252606384079e-06
0,205.168,42.89156,0.0027152,0.0012977360657874786,0.0026200808125541103,0.0013928552532333684,182.5,7.632083579360923e-06,0.0013960566946679231,9.098036312154745e-06
0,205.668,43.00554,0.002725,0.0013015296511498181,0.0026287623538534532,0.0013977672972963649,183.0,7.638072662821666e-06,0.0014006059445490645,9.098992216695541e-06
0,206.168,43.11964,0.0027352,0.0013053253942351892,0.002637445496973983,0.001403079897261206,183.5,7.64621197417551e-06,0.0014051557161933936,9.100123973886666e-06
0,206.668,43.23359,0.0027447,0.0013091232924587488,0.0026461302372682302,0.0014076930551905186,184.0,7.650505734731079e-06,0.0014097060984407063,9.101435237608322e-06
0,207.168,43.34768,0.0027543,0.001312923343237479,0.0026548165700945436,0.0014124067731429348,184.5,7.655321263647343e-06,0.0014142571819577372,9.10292966174071e-06
0,207.668,43.46199,0.0027637,0.0013167255439901831,0.002663504490817116,0.0014169210531730673,185.0,7.659032719854418e-06,0.0014188090592381622,9.104610900164034e-06
0,208.168,43.57652,0.0027746,0.0013205298921374906,0.0026721939948059622,0.0014229358973315278,185.5,7.670813462703653e-06,0.0014233618246025964,9.106482606758493e-06
0,208.668,43.691,0.0027841,0.001324336385101852,0.0026808850774369354,0.001427551307664916,186.0,7.675007030456538e-06,0.0014279155741985959,9.10854843540429e-06
0,209.168,43.80542,0.0027936,0.0013281450203075432,0.002689577734091714,0.0014321672862158295,186.5,7.679181159334206e-06,0.001432470406000656,9.110812039981626e-06
0,209.668,43.92001,0.0028035,0.0013319557951806619,0.002698271960157813,0.0014371838350228493,187.0,7.685475053598125e-06,0.0014370264198102127,9.113277074370702e-06
0,210.168,44.03458,0.0028132,0.001335768707149132,0.0027069677510285755,0.0014420009561205566,187.5,7.690671765976302e-06,0.0014415837172556422,9.11594719245172e-06
0,210.668,44.14926,0.0028233,0.0013395837536426978,0.0027156651021031774,0.0014472186515395204,188.0,7.697971550742129e-06,0.00144614240179226,9.118826048104882e-06
0,211.168,44.26428,0.0028326,0.0013434009320929296,0.002724364008786625,0.0014516369233063047,188.5,7.700991635577213e-06,0.0014507025787023225,9.121917295210389e-06
0,211.668,44.37926,0.0028427,0.0013472202399332188,0.0027330644664897595,0.0014568557734434594,189.0,7.708231605520948e-06,0.0014552643550950258,9.125224587648443e-06
0,212.168,44.49439,0.002852,0.001351041674598783,0.002741766470629247,0.0014612752039695354,189.5,7.71121479667301e-06,0.0014598278399065062,9.128751579299244e-06
0,212.668,44.60951,0.0028614,0.0013548652335266618,0.002750470016627592,0.0014657952168990697,190.0,7.71471166788984e-06,0.0014643931438998404,9.132501924042995e-06
0,213.168,44.72485,0.0028711,0.0013586909141557173,0.0027591750999131264,0.0014706158142425907,190.5,7.71976805376688e-06,0.0014689603796650447,9.136479275759896e-06
0,213.668,44.84016,0.0028812,0.0013625187139266392,0.002767881715920014,0.0014758369980066247,191.0,7.726895277521595e-06,0.0014735296616190758,9.140687288330152e-06
0,214.168,44.95514,0.0028904,0.001366348630281935,0.002776589860088251,0.0014801587701936845,191.5,7.729288617199396e-06,0.0014781011060058303,9.14512961563396e-06
0,214.668,45.07012,0.0029006,0.0013701806606659407,0.002785299527863664,0.0014854811328022764,192.0,7.736880900011857e-06,0.0014826748308961455,9.149809911551526e-06
0,215.168,45.1851,0.0029102,0.001374014802524812,0.0027940107146979106,0.0014902040878269013,192.5,7.741319936763124e-06,0.0014872509561877976,9.154731829963047e-06
0,215.668,45.30025,0.0029204,0.0013778510533065313,0.002802723416048483,0.0014955276372580484,193.0,7.748847861440666e-06,0.0014918296036055042,9.159899024748728e-06
0,216.168,45.41554,0.0029291,0.0013816894104609024,0.002811437627378701,0.001499351783082201,193.5,7.748588026264604e-06,0.001496410896700922,9.165315149788769e-06
0,216.668,45.53109,0.0029392,0.001385529871439555,0.002820153344157717,0.0015045765272818385,194.0,7.755549109700199e-06,0.0015009949608526486,9.17098385896337e-06
0,217.168,45.64643,0.0029482,0.0013893724336959384,0.0028288705618605154,0.0015087018718354227,194.5,7.756821963164128e-06,0.001505581923266221,9.176908806152737e-06
0,217.668,45.76187,0.0029581,0.0013932170946853294,0.0028375892759679123,0.001513727818717417,195.0,7.762706762653422e-06,0.0015101719129741171,9.183093645237068e-06
0,218.168,45.87744,0.0029675,0.0013970638518648248,0.0028463094819665543,0.001518254369898271,195.5,7.76600700715228e-06,0.0015147650608357544,9.189542030096564e-06
0,218.668,45.99315,0.0029765,0.0014009127026933478,0.0028550311753489195,0.0015223815273444283,196.0,7.767252690532797e-06,0.0015193614995374898,9.19625761461143e-06
0,219.168,46.10869,0.0029862,0.001404763644631644,0.002863754351613319,0.0015272092930183256,196.5,7.772057470831174e-06,0.0015239613635926216,9.203244052661863e-06
0,219.668,46.22425,0.0029956,0.0014086166751422838,0.002872479006263892,0.001531737668878392,197.0,7.77531811613397e-06,0.0015285647893413877,9.210504998128069e-06
0,220.168,46.34007,0.003005,0.0014124717916896585,0.0028812051348106127,0.0015362666568790456,197.5,7.778565351286306e-06,0.0015331719149509657,9.218044104890246e-06
0,220.668,46.45614,0.0030147,0.001416328991739984,0.002889932732769285,0.0015410962589706987,198.0,7.783314439245952e-06,0.001537782880415474,9.225865026828596e-06
0,221.168,46.57223,0.0030241,0.0014201882727613016,0.0028986617956615448,0.0015456264770997569,198.5,7.786531370779632e-06,0.0015423978275559704,9.233971417823324e-06
0,221.668,46.68828,0.0030335,0.0014240496322234742,0.0029073923190148588,0.001550157313208616,199.0,7.789735242254352e-06,0.0015470169000204531,9.242366931754626e-06
0,222.168,46.80447,0.0030431,0.0014279130675981877,0.002916124298362524,0.0015548887692356638,199.5,7.793928667847938e-06,0.0015516402432838611,9.251055222502708e-06
0,222.668,46.92057,0.0030523,0.0014317785763589535,0.002924857729243672,0.0015592208471152816,200.0,7.796104235576408e-06,0.0015562680046480723,9.260039943947771e-06
0,223.168,47.03663,0.0030625,0.0014356461559811053,0.002933592607203263,0.0015645535487778424,200.5,7.803259594901957e-06,0.001560900333241905,9.269324749970014e-06
0,223.668,47.15287,0.003072,0.0014395158039417991,0.00294232892779209,0.0015691868761497094,201.0,7.806899881341838e-06,0.0015655373800211184,9.278913294449641e-06
0,224.168,47.26911,0.0030821,0.0014433875177200179,0.002951066686566776,0.0015744208311532417,201.5,7.813502884135194e-06,0.0015701792977684107,9.288809231266852e-06
0,224.668,47.38569,0.0030911,0.0014472612947965657,0.0029598058790897778,0.0015785554157067873,202.0,7.81463077082568e-06,0.0015748262410934214,9.299016214301849e-06
0,225.168,47.50262,0.0031011,0.0014511371326540682,0.002968546500929383,0.0015836906317246852,202.5,7.820694477652766e-06,0.001579478366432729,9.309537897434834e-06
0,225.668,47.61979,0.0031109,0.0014550150287769813,0.0029772885476597073,0.0015886264811172737,203.0,7.825746212400363e-06,0.0015841358320498526,9.320377934546008e-06
0,226.168,47.73682,0.0031214,0.001458894980651576,0.0029860320148607025,0.0015942629657908734,203.5,7.8342160481124e-06,0.0015887987980352516,9.331539979515574e-06
0,226.668,47.85357,0.0031313,0.001462776985765954,0.0029947768981181495,0.0015993000876478045,204.0,7.839706311999042e-06,0.0015934674263063248,9.34302768622373e-06
0,227.168,47.97055,0.0031412,0.001466661041610035,0.0030035231930236597,0.0016043378485863747,204.5,7.845172853723104e-06,0.0015981418806074116,9.35484470855068e-06
0,227.668,48.08735,0.003151,0.0014705471456755662,0.0030122708951746784,0.001609276250500888,205.0,7.850128051223844e-06,0.0016028223265097921,9.366994700376625e-06
0,228.168,48.20381,0.0031609,0.001474435295456114,0.0030210200001744795,0.001614315295281634,205.5,7.85554888214907e-06,0.0016075089314116849,9.379481315581767e-06
0,228.668,48.32026,0.0031711,0.0014783254884470753,0.0030297705036321726,0.0016196549848149023,206.0,7.862402838907292e-06,0.0016122018645382502,9.392308208046308e-06
0,229.168,48.43728,0.0031814,0.0014822177221456628,0.0030385224011626926,0.0016250953209829702,206.5,7.869710997496223e-06,0.0016169012969415879,9.405479031650447e-06
0,229.668,48.55452,0.0031909,0.001486111994050918,0.0030472756883868114,0.0016297363056641066,207.0,7.873122249585056e-06,0.0016216074015007373,9.41899744027439e-06
0,230.168,48.67177,0.0032007,0.0014900083016637046,0.00305603036093113,0.0016346779407325745,207.5,7.877965979434094e-06,0.0016263203529216788,9.432867087798333e-06
0,230.668,48.78929,0.0032107,0.0014939066424867076,0.0030647864144280794,0.0016398202280586286,208.0,7.883751096435714e-06,0.0016310403277373323,9.447091628102481e-06
0,231.168,48.907,0.0032204,0.001497807014024439,0.0030735438445159257,0.0016446631695085133,208.5,7.888072755436515e-06,0.0016357675043075582,9.461674715067035e-06
0,231.668,49.02478,0.0032304,0.001501709413783232,0.003082302646838761,0.0016498067669444708,209.0,7.89381228203096e-06,0.001640502062819156,9.476620002572198e-06
0,232.168,49.14243,0.0032399,0.001505613839271244,0.003091062817046516,0.0016544510222247285,209.5,7.89714091754047e-06,0.0016452441852858669,9.491931144498169e-06
0,232.668,49.26011,0.0032506,0.0015095202879984544,0.0030998243507949453,0.0016602959372035092,210.0,7.906171129540521e-06,0.0016499940555483711,9.50761179472515e-06
0,233.168,49.37786,0.0032602,0.0015134287574766698,0.003108587243745641,0.001665041513731029,210.5,7.909935932213914e-06,0.0016547518592742888,9.523665607133343e-06
0,233.668,49.49564,0.0032708,0.0015173392452195178,0.0031173514915660222,0.0016707877536534955,211.0,7.918425372765382e-06,0.0016595177839581813,9.540096235602947e-06
0,234.168,49.61346,0.0032804,0.0015212517487424486,0.0031261170899293455,0.0016755346588131033,211.5,7.92214968705959e-06,0.0016642920189215492,9.55690733401417e-06
0,234.668,49.73157,0.003291,0.0015251662655627381,0.003134884034514688,0.0016812822310480506,212.0,7.930576561547409e-06,0.0016690747553128327,9.574102556247208e-06
0,235.168,49.84987,0.0033013,0.0015290827931994854,0.003143652321006972,0.0016867304721925134,212.5,7.937555163258887e-06,0.0016738661861074133,9.591685556182264e-06
0,235.668,49.96795,0.0033115,0.001533001329173611,0.003152421945096939,0.0016920793840766724,213.0,7.94403466702663e-06,0.0016786665061076119,9.609659987699538e-06
0,236.168,50.08607,0.0033213,0.0015369218710078623,0.00316119290248117,0.0016970289685266926,213.5,7.948613435722214e-06,0.0016834759119426898,9.628029504679234e-06
0,236.668,50.20437,0.0033315,0.001540844416226807,0.003169965188862072,0.001702379227364735,214.0,7.9550431185268e-06,0.0016882946020688482,9.646797761001553e-06
0,237.168,50.32276,0.0033413,0.0015447689623568376,0.0031787387999478913,0.0017073301624089465,214.5,7.959581176731685e-06,0.0016931227767692284,9.665968410546696e-06
0,237.668,50.44096,0.0033511,0.0015486955069261713,0.003187513731452693,0.0017122817754734784,215.0,7.964101281271993e-06,0.001697960638153912,9.685545107194864e-06
0,238.168,50.55906,0.0033613,0.0015526240474648479,0.003196289979096387,0.001717634068368461,215.5,7.97045971400678e-06,0.0017028083901599205,9.70553150482626e-06
0,238.668,50.67757,0.003371,0.001556554581504728,0.003205067538604704,0.0017224870429000238,216.0,7.974477050463074e-06,0.0017076662385512157,9.725931257321084e-06
0,239.168,50.79643,0.0033814,0.0015604871065795015,0.0032138464057092147,0.0017280407008702864,216.5,7.981712244204557e-06,0.0017125343909186988,9.746748018559538e-06
0,239.668,50.91544,0.0033915,0.001564421620224678,0.003222626576147313,0.0017332950440773643,217.0,7.987534765333476e-06,0.0017174130566802123,9.767985442421823e-06
0,240.168,51.0345,0.0034016,0.001568358119977591,0.0032314080456622343,0.0017385500743153561,217.5,7.993333675013131e-06,0.0017223024470805382,9.789647182788142e-06
0,240.668,51.15342,0.003412,0.0015722966033773966,0.003240190810003033,0.0017441057933743637,218.0,8.00048529070809e-06,0.0017272027751913978,9.811736893538696e-06
0,241.168,51.27223,0.003421,0.0015762370679650783,0.003248974864924605,0.0017482622030404729,218.5,8.001200013915207e-06,0.001732114255911454,9.834258228553686e-06
0,241.668,51.39127,0.0034318,0.0015801795112834376,0.003257760206187673,0.0017542193050957642,219.0,8.010133813222668e-06,0.001737037105966309,9.857214841713314e-06
0,242.168,51.51022,0.0034412,0.0015841239308771026,0.0032665468295587944,0.0017587771013183083,219.5,8.012651942224639e-06,0.0017419715439085052,9.880610386897781e-06
0,242.668,51.62892,0.0034516,0.0015880703242925264,0.0032753347308103527,0.0017643355934821737,220.0,8.01970724310079e-06,0.0017469177901175245,9.904448517987289e-06
0,243.168,51.74774,0.0034617,0.0015920186890779836,0.003284123905720568,0.0017695947833574156,220.5,8.025373167153813e-06,0.00175187606679979,9.92873288886204e-06
0,243.668,51.8669,0.0034719,0.001595969022783572,0.0032929143500734868,0.0017749546727100851,221.0,8.031469107285453e-06,0.001756846597988664,9.953467153402232e-06
0,244.168,51.98634,0.0034816,0.001599921322961214,0.0033017060596589954,0.0017798152633022183,221.5,8.035283355766222e-06,0.0017618296095444495,9.978654965488071e-06
0,244.668,52.1055,0.003491,0.0016038755871646548,0.0033104990302728005,0.0017843765568918545,222.0,8.037732238251596e-06,0.0017668253291543896,1.0004299978999758e-05
0,245.168,52.22475,0.0035006,0.0016078318129494635,0.00331929325771645,0.0017891385552330132,222.5,8.04107215835062e-06,0.001771833986332667,1.0030405847817491e-05
0,245.668,52.34426,0.0035107,0.001611789997873034,0.0033280887377973144,0.001794401260075719,223.0,8.04664242186421e-06,0.0017768558124204047,1.0056976225821475e-05
0,246.168,52.4639,0.0035205,0.001615750139494579,0.003336885466328607,0.001799364673165972,223.5,8.05084864951218e-06,0.0017818910405856662,1.0084014766891911e-05
0,246.668,52.58373,0.0035313,0.0016197122353751427,0.003345683439129358,0.0018053287962457847,224.0,8.059503554668681e-06,0.0017869399058234544,1.0111525124908999e-05
0,247.168,52.70375,0.0035403,0.0016236762830775832,0.0033544826520244438,0.0018094936310531391,224.5,8.060105260815764e-06,0.001792002644955713,1.0139510953752943e-05
0,247.668,52.82422,0.0035501,0.0016276422801665916,0.00336328310084456,0.001814459179322032,225.0,8.064263019209032e-06,0.0017970794966313253,1.016797590730394e-05
0,248.168,52.94454,0.00356,0.0016316102242086754,0.003372084781426243,0.001819525442782432,225.5,8.068848970210341e-06,0.0018021707013261149,1.0196923639442197e-05
0,248.668,53.06489,0.0035698,0.0016355801127721694,0.003380887689611851,0.001824492423160318,226.0,8.072975323718222e-06,0.0018072765013428453,1.0226357804047912e-05
0,249.168,53.18534,0.0035805,0.0016395519434272317,0.003389691821249586,0.001830360122177646,226.5,8.081060142064663e-06,0.0018123971408112206,1.025628205500129e-05
0,249.668,53.30569,0.00359,0.0016435257137458418,0.003398497172193468,0.001835028541552373,227.0,8.083826174239529e-06,0.0018175328656878846,1.0286700046182528e-05
0,250.168,53.426,0.0035997,0.0016475014213018042,0.0034073037383033607,0.0018398976829984435,227.5,8.087462342850302e-06,0.0018226839237564215,1.0317615431471831e-05
0,250.668,53.54606,0.0036088,0.0016514790636707466,0.0034161115154449483,0.0018441675482257988,228.0,8.088454158885083e-06,0.0018278505646273546,1.0349031864749397e-05
0,251.168,53.66648,0.0036193,0.0016554586384301207,0.0034249204994897565,0.001849838138940364,228.5,8.09557172402785e-06,0.001833033039738149,1.038095299989543e-05
0,251.668,53.78677,0.0036286,0.0016594401431592005,0.0034337306863151318,0.0018543094568440688,229.0,8.097421208926064e-06,0.0018382316023532082,1.0413382490790131e-05
0,252.168,53.90709,0.0036378,0.001663423575439086,0.0034425420718042637,0.0018586815036348223,229.5,8.098830081197483e-06,0.001843446507563877,1.0446323991313702e-05
0,252.668,54.02742,0.0036473,0.0016674089328526966,0.0034513546518461623,0.0018633542810065342,230.0,8.101540352202323e-06,0.00184867801228844,1.0479781155346345e-05
0,253.168,54.14797,0.0036572,0.001671396212984782,0.0034601684223356773,0.001868427790649105,230.5,8.105977399779197e-06,0.0018539263752721216,1.0513757636768258e-05
0,253.668,54.26879,0.0036665,0.0016753854134219075,0.0034689833791734844,0.0018729020342484227,231.0,8.107801014062436e-06,0.0018591918570870867,1.0548257089459648e-05
0,254.168,54.38956,0.0036765,0.0016793765317524674,0.003477799518266095,0.0018780770134863723,231.5,8.112643686766187e-06,0.0018644747201324394,1.0583283167300714e-05
0,254.668,54.51067,0.0036853,0.0016833695655666756,0.003486616835525848,0.0018820527300408276,232.0,8.112296250175981e-06,0.0018697752286342254,1.0618839524171654e-05
0,255.168,54.63186,0.0036957,0.0016873645124565748,0.0034954353268709165,0.0018876291855856589,232.5,8.118835206820038e-06,0.0018750936486454295,1.0654929813952676e-05
0,255.668,54.75318,0.0037049,0.0016913613700160245,0.0035042549882253037,0.0018920063817907205,233.0,8.120199063479486e-06,0.0018804302480459763,1.0691557690523976e-05
0,256.168,54.87454,0.0037154,0.0016953601358407145,0.0035130758155188443,0.00189768432032187,233.5,8.127127710157901e-06,0.0018857852965427318,1.0728726807765759e-05
0,256.668,54.9958,0.0037256,0.0016993608075281533,0.0035218978046872053,0.001903063002840948,234.0,8.132747875388667e-06,0.0018911590656695005,1.0766440819558226e-05
0,257.168,55.11722,0.0037359,0.0017033633826776763,0.0035307209516718847,0.001908542431005791,234.5,8.138773692988447e-06,0.0018965518287870288,1.0804703379781579e-05
0,257.668,55.23867,0.0037451,0.0017073678588904366,0.0035395452524202113,0.0019129226064702257,235.0,8.140096197745641e-06,0.001901963861083001,1.0843518142316016e-05
0,258.168,55.36036,0.0037548,0.0017113742337694195,0.003548370702885345,0.0019178035308840746,235.5,8.143539409274202e-06,0.0019073954395720434,1.0882888761041742e-05
0,258.668,55.48219,0.0037651,0.0017153825049194271,0.0035571972990262792,0.0019232852058931483,236.0,8.149513584293001e-06,0.0019128468430957214,1.0922818889838956e-05
0,259.168,55.60405,0.0037745,0.0017193926699470884,0.0035660250368078367,0.0019278676331392517,236.5,8.151660182406984e-06,0.001918318352322541,1.0963312182587862e-05
0,259.668,55.72597,0.0037844,0.0017234047264608528,0.003574853912200673,0.0019329508142601802,237.0,8.155910608692743e-06,0.0019238102497479478,1.100437229316866e-05
0,260.168,55.84796,0.003794,0.0017274186720709966,0.0035836839211812735,0.0019377347508897228,237.5,8.158883161640938e-06,0.0019293228196943283,1.1046002875461551e-05
0,260.668,55.96992,0.0038035,0.0017314345043896173,0.0035925150597319556,0.0019424194446576613,238.0,8.161426238057401e-06,0.001934856348311008,1.1088207583346738e-05
0,261.168,56.09186,0.0038143,0.0017354522210306358,0.0036013473238408703,0.001948404897189766,238.5,8.169412566833401e-06,0.0019404111235742537,1.1130990070704422e-05
0,261.668,56.21368,0.0038234,0.0017394718196098013,0.003610180709501998,0.0019526911101078025,239.0,8.170255690827626e-06,0.0019459874352872712,1.1174353991414806e-05
0,262.168,56.33561,0.0038334,0.0017434932977446783,0.003619015212715149,0.001957878085029529,239.5,8.174856304924964e-06,0.0019515855750802075,1.121830299935809e-05
0,262.668,56.45773,0.003843,0.0017475166530546617,0.003627850829485967,0.0019626658235686947,240.0,8.177774264869561e-06,0.001957205836410148,1.1262840748414473e-05
0,263.168,56.57994,0.0038528,0.0017515418831609685,0.003636687555825929,0.0019676543273350394,240.5,8.181514874573969e-06,0.0019628485145611204,1.1307970892464161e-05
0,263.668,56.70228,0.0038625,0.0017555689856866355,0.00364552538775234,0.001972543597934295,241.0,8.184828207196246e-06,0.0019685139066440913,1.1353697085387353e-05
0,264.168,56.82454,0.0038717,0.001759597958256527,0.0036543643212883356,0.001976933636968191,241.5,8.186060608563938e-06,0.001974202311596967,1.1400022981064252e-05
0,264.668,56.94705,0.0038812,0.0017636287984973296,0.0036632043524628885,0.0019816244460344416,242.0,8.188530768737362e-06,0.0019799140301845946,1.1446952233375057e-05
0,265.168,57.06983,0.0038905,0.0017676615040375532,0.0036720454773107973,0.001986116026726756,242.5,8.190169182378374e-06,0.0019856493649987607,1.1494488496199971e-05
0,265.668,57.19251,0.0038999,0.001771696072507531,0.0036808876918726936,0.001990708380634837,243.0,8.192215558168053e-06,0.0019914086204581936,1.1542635423419198e-05
0,266.168,57.31521,0.0039092,0.0017757325015394215,0.003689730992195042,0.0019952015093443794,243.5,8.193846034268499e-06,0.001997192102808559,1.1591396668912936e-05
0,266.668,57.43813,0.0039184,0.0017797707887672034,0.003698575374330137,0.001999595414437066,244.0,8.195063173922403e-06,0.0020030001201224654,1.1640775886561387e-05
0,267.168,57.56091,0.0039289,0.001783810931826683,0.003707420834336104,0.002005290097490579,244.5,8.201595490759013e-06,0.0020088329822994595,1.1690776730244755e-05
0,267.668,57.68355,0.0039378,0.0017878529283554866,0.0037162673682769017,0.002009385560078585,245.0,8.201573714606469e-06,0.002014691001066029,1.1741402853843239e-05
0,268.168,57.80606,0.0039478,0.0017918967759930652,0.003725114972222318,0.0020145818037707467,245.5,8.206035860573306e-06,0.002020574489975602,1.179265791123704e-05
0,268.668,57.92882,0.0039576,0.0017959424723806953,0.003733963642247975,0.0020195788301327205,246.0,8.209670041189921e-06,0.0020264837644085455,1.1844545556306362e-05
0,269.168,58.05172,0.0039682,0.001799990015161474,0.003742813374435324,0.00202537664072615,246.5,8.216538096252129e-06,0.0020324191415721678,1.1897069442931404e-05
0,269.668,58.17484,0.0039773,0.0018040394019803235,0.0037516641648716476,0.0020296752371086755,247.0,8.217308652261845e-06,0.002038380940500716,1.1950233224992371e-05
0,270.168,58.29825,0.0039871,0.0018080906304839871,0.0037605160096500605,0.002034674620833927,247.5,8.220907558924958e-06,0.00204436948205538,1.2004040556369466e-05
0,270.668,58.42199,0.0039972,0.001812143698321036,0.0037693689048695096,0.0020399747934515267,248.0,8.225704812304543e-06,0.0020503850889242855,1.2058495090942883e-05
0,271.168,58.54584,0.0040072,0.0018161986031418626,0.003778222846634773,0.0020451757565070894,248.5,8.230083527191507e-06,0.0020564280856225025,1.2113600482592828e-05
0,271.668,58.66952,0.0040173,0.0018202553425986819,0.0037870778310564587,0.002050477511542223,249.0,8.23484944394467e-06,0.002062498798492038,1.2169360385199498e-05
0,272.168,58.79331,0.004027,0.0018243139143455343,0.0037959338542510063,0.002055380060094528,249.5,8.237996232843801e-06,0.002068597555701841,1.2225778452643101e-05
0,272.668,58.91703,0.0040379,0.0018283743160382821,0.0038047909123406906,0.0020614834036975912,250.0,8.245933614790364e-06,0.0020747246872478003,1.2282858338803837e-05
0,273.168,59.04095,0.0040467,0.0018324365453346123,0.0038136490014536112,0.0020654875438810014,250.5,8.245459257009985e-06,0.0020808805249527447,1.2340603697561905e-05
0,273.668,59.16468,0.0040569,0.0018365005998940333,0.0038225081177237054,0.0020708924821703275,251.0,8.250567658049114e-06,0.002087065402466442,1.2399018182797508e-05
0,274.168,59.28867,0.0040666,0.0018405664773778804,0.00383136825729074,0.0020757982200871406,251.5,8.253670855217259e-06,0.0020932796552656017,1.2458105448390847e-05
0,274.668,59.41278,0.0040769,0.0018446341754493108,0.00384022941630031,0.0020813047591490006,252.0,8.259145869638891e-06,0.0020995236206538723,1.2517869148222125e-05
0,275.168,59.53691,0.0040872,0.0018487036917733029,0.0038490915909038447,0.002086812100869458,252.5,8.264602379681022e-06,0.0021057976377618433,1.2578312936171541e-05
0,275.668,59.66114,0.0040971,0.0018527750240166629,0.003857954777258605,0.002091920246758058,253.0,8.268459473352008e-06,0.0021121020475470434,1.2639440466119301e-05
0,276.168,59.78544,0.0041066,0.0018568481698480188,0.003866818971527685,0.002096629198320334,253.5,8.270726620593034e-06,0.002118437192793942,1.2701255391945603e-05
0,276.668,59.90996,0.0041164,0.0018609231269378192,0.003875684169880004,0.0021016389570578152,254.0,8.274169122274864e-06,0.002124803418113949,1.2763761367530646e-05
0,277.168,60.03477,0.004127,0.0018649998929583418,0.0038845503684903195,0.002107449524468022,254.5,8.28074469339105e-06,0.002131201069945413,1.2826962046754637e-05
0,277.668,60.15945,0.0041366,0.0018690784655836842,0.0038934175635392176,0.0021122609020444664,255.0,8.283376086448888e-06,0.0021376304965536235,1.2890861083497776e-05
0,278.168,60.28432,0.0041462,0.001873158842489766,0.0039022857512131127,0.0021170730912766535,255.5,8.286000357247176e-06,0.0021440920480308105,1.2955462131640261e-05
0,278.668,60.40923,0.0041562,0.001877241021354334,0.003911154927704257,0.0021222860936500765,256.0,8.290180053320612e-06,0.0021505860762961434,1.30207688450623e-05
0,279.168,60.53423,0.0041652,0.0018813249998569587,0.00392002508921073,0.002126499910646229,256.5,8.29044799472214e-06,0.0021571129350957327,1.3086784877644085e-05
0,279.668,60.65893,0.0041766,0.0018854107756790294,0.003928896231936443,0.0021331145437425867,257.0,8.30005659043808e-06,0.0021636729800026274,1.3153513883265828e-05
